[Node 1] Starting...
[Node 1] Tracking 4 peers.
============== Raft node 1 initiated ===================
Server ready for client commands and peer RPCs...

[Node 1] Election timeout! Starting election for term 1
[Node 1] Election finished with 1 votes (need 3).

[Node 1] Election timeout! Starting election for term 2
[Node 1] Election finished with 1 votes (need 3).

[Node 1] Election timeout! Starting election for term 3
[Node 1] Election finished with 1 votes (need 3).

[Node 1] Election timeout! Starting election for term 4
[Node 1] Election finished with 1 votes (need 3).

[Node 1] Election timeout! Starting election for term 5
[Node 1] Election finished with 1 votes (need 3).

[Node 1] Election timeout! Starting election for term 6
[Node 1] Election finished with 1 votes (need 3).

[Node 1] Election timeout! Starting election for term 7
[Node 1] Election finished with 1 votes (need 3).

[Node 1] Election timeout! Starting election for term 8
[Node 1] Election finished with 1 votes (need 3).

[Node 1] Election timeout! Starting election for term 9
[Node 1] Election finished with 1 votes (need 3).

[Node 1] Election timeout! Starting election for term 10
[Node 1] Election finished with 1 votes (need 3).

[Node 1] Election timeout! Starting election for term 11
[Node 1] Election finished with 1 votes (need 3).

[Node 1] Election timeout! Starting election for term 12
[Node 1] Election finished with 1 votes (need 3).

[Node 1] Election timeout! Starting election for term 13
[Node 1] Election finished with 1 votes (need 3).

[Node 1] Election timeout! Starting election for term 14
[Node 1] Election finished with 1 votes (need 3).

[Node 1] Election timeout! Starting election for term 15
[Node 1] Election finished with 1 votes (need 3).

[Node 1] Election timeout! Starting election for term 16
[Node 1] Election finished with 1 votes (need 3).

[Node 1] Election timeout! Starting election for term 17
[Node 1] Election finished with 1 votes (need 3).

[Node 1] Election timeout! Starting election for term 18
[Node 1] Election finished with 1 votes (need 3).

[Node 1] Election timeout! Starting election for term 19
[Node 1] Election finished with 1 votes (need 3).

[Node 1] Election timeout! Starting election for term 20
[Node 1] Election finished with 1 votes (need 3).

[Node 1] Election timeout! Starting election for term 21
[Node 1] Election finished with 1 votes (need 3).

[Node 1] Election timeout! Starting election for term 22
[Node 1] Election finished with 1 votes (need 3).

[Node 1] Election timeout! Starting election for term 23
[Node 1] Election finished with 1 votes (need 3).

[Node 1] Election timeout! Starting election for term 24
[Node 1] Election finished with 1 votes (need 3).

[Node 1] Election timeout! Starting election for term 25
[Node 1] Election finished with 1 votes (need 3).

[Node 1] Election timeout! Starting election for term 26
[Node 1] Election finished with 1 votes (need 3).

[Node 1] Election timeout! Starting election for term 27
[Node 1] Election finished with 1 votes (need 3).

[Node 1] Election timeout! Starting election for term 28
[Node 1] Election finished with 1 votes (need 3).

[Node 1] Election timeout! Starting election for term 29
[Node 1] Election finished with 1 votes (need 3).

[Node 1] Election timeout! Starting election for term 30
[Node 1] Election finished with 1 votes (need 3).

[Node 1] Election timeout! Starting election for term 31
[Node 1] Election finished with 1 votes (need 3).

[Node 1] Election timeout! Starting election for term 32
[Node 1] Election finished with 1 votes (need 3).

[Node 1] Election timeout! Starting election for term 33
[Node 1] Election finished with 1 votes (need 3).

[Node 1] Election timeout! Starting election for term 34
[Node 1] Election finished with 1 votes (need 3).

[Node 1] Election timeout! Starting election for term 35
[Node 1] Election finished with 1 votes (need 3).

[Node 1] Election timeout! Starting election for term 36
[Node 1] Election finished with 1 votes (need 3).

[Node 1] Election timeout! Starting election for term 37
[Node 1] Election finished with 1 votes (need 3).

[Node 1] Election timeout! Starting election for term 38
[Node 1] Election finished with 1 votes (need 3).

[Node 1] Election timeout! Starting election for term 39
[Node 1] Election finished with 1 votes (need 3).

[Node 1] Election timeout! Starting election for term 40
[Node 1] Election finished with 1 votes (need 3).

[Node 1] Election timeout! Starting election for term 41
[Node 1] Election finished with 1 votes (need 3).

[Node 1] Election timeout! Starting election for term 42
[Node 1] Election finished with 1 votes (need 3).

[Node 1] Election timeout! Starting election for term 43
[Node 1] Election finished with 1 votes (need 3).

[Node 1] Election timeout! Starting election for term 44
[Node 1] Election finished with 1 votes (need 3).

[Node 1] Election timeout! Starting election for term 45
[Node 1] Election finished with 1 votes (need 3).

[Node 1] Election timeout! Starting election for term 46
[Node 1] Election finished with 1 votes (need 3).

[Node 1] Election timeout! Starting election for term 47
[Node 1] Election finished with 1 votes (need 3).

[Node 1] Election timeout! Starting election for term 48
[Node 1] Election finished with 1 votes (need 3).

[Node 1] Election timeout! Starting election for term 49
[Node 1] Election finished with 1 votes (need 3).

[Node 1] Election timeout! Starting election for term 50
[Node 1] Election finished with 1 votes (need 3).

[Node 1] Election timeout! Starting election for term 51
[Node 1] Election finished with 1 votes (need 3).

[Node 1] Election timeout! Starting election for term 52
[Node 1] Election finished with 1 votes (need 3).

[Node 1] Election timeout! Starting election for term 53
[Node 1] Election finished with 1 votes (need 3).

[Node 1] Election timeout! Starting election for term 54
[Node 1] Election finished with 1 votes (need 3).

[Node 1] Election timeout! Starting election for term 55
[Node 1] Election finished with 1 votes (need 3).

[Node 1] Election timeout! Starting election for term 56
[Node 1] Election finished with 1 votes (need 3).

[Node 1] Election timeout! Starting election for term 57
[Node 1] Election finished with 1 votes (need 3).

[Node 1] Election timeout! Starting election for term 58
[Node 1] Election finished with 1 votes (need 3).

[Node 1] Election timeout! Starting election for term 59
[Node 1] Election finished with 1 votes (need 3).

[Node 1] Election timeout! Starting election for term 60
[Node 1] Election finished with 1 votes (need 3).

[Node 1] Election timeout! Starting election for term 61
[Node 1] Election finished with 1 votes (need 3).

[Node 1] Election timeout! Starting election for term 62
[Node 1] Election finished with 1 votes (need 3).

[Node 1] Election timeout! Starting election for term 63
[Node 1] Election finished with 1 votes (need 3).

[Node 1] Election timeout! Starting election for term 64
[Node 1] Election finished with 1 votes (need 3).

[Node 1] Election timeout! Starting election for term 65
[Node 1] Election finished with 1 votes (need 3).

[Node 1] Election timeout! Starting election for term 66
[Node 1] Election finished with 1 votes (need 3).

[Node 1] Election timeout! Starting election for term 67
[Node 1] Election finished with 1 votes (need 3).

[Node 1] Election timeout! Starting election for term 68
[Node 1] Election finished with 1 votes (need 3).

[Node 1] Election timeout! Starting election for term 69
[Node 1] Election finished with 1 votes (need 3).

[Node 1] Election timeout! Starting election for term 70
[Node 1] Election finished with 1 votes (need 3).

[Node 1] Election timeout! Starting election for term 71
[Node 1] Election finished with 1 votes (need 3).

[Node 1] Election timeout! Starting election for term 72
[Node 1] Election finished with 1 votes (need 3).

[Node 1] Election timeout! Starting election for term 73
[Node 1] Election finished with 1 votes (need 3).

[Node 1] Election timeout! Starting election for term 74
[Node 1] Election finished with 1 votes (need 3).

[Node 1] Election timeout! Starting election for term 75
[Node 1] Election finished with 1 votes (need 3).

[Node 1] Election timeout! Starting election for term 76
[Node 1] Election finished with 1 votes (need 3).

[Node 1] Election timeout! Starting election for term 77
[Node 1] Election finished with 1 votes (need 3).

[Node 1] Election timeout! Starting election for term 78
[Node 1] Election finished with 1 votes (need 3).

[Node 1] Election timeout! Starting election for term 79
[Node 1] Election finished with 1 votes (need 3).

[Node 1] Election timeout! Starting election for term 80
[Node 1] Election finished with 1 votes (need 3).

[Node 1] Election timeout! Starting election for term 81
[Node 1] Election finished with 1 votes (need 3).

[Node 1] Election timeout! Starting election for term 82
[Node 1] Election finished with 1 votes (need 3).

[Node 1] Election timeout! Starting election for term 83
[Node 1] Election finished with 1 votes (need 3).

[Node 1] Election timeout! Starting election for term 84
[Node 1] Election finished with 1 votes (need 3).

[Node 1] Election timeout! Starting election for term 85
[Node 1] Election finished with 1 votes (need 3).

[Node 1] Election timeout! Starting election for term 86
[Node 1] Election finished with 1 votes (need 3).

[Node 1] Election timeout! Starting election for term 87
[Node 1] Election finished with 1 votes (need 3).

[Node 1] Election timeout! Starting election for term 88
[Node 1] Election finished with 1 votes (need 3).

[Node 1] Election timeout! Starting election for term 89
[Node 1] Election finished with 1 votes (need 3).

[Node 1] Election timeout! Starting election for term 90
[Node 1] Election finished with 1 votes (need 3).

[Node 1] Election timeout! Starting election for term 91
[Node 1] Election finished with 1 votes (need 3).

[Node 1] Election timeout! Starting election for term 92
[Node 1] Election finished with 1 votes (need 3).

[Node 1] Election timeout! Starting election for term 93
[Node 1] Election finished with 1 votes (need 3).

[Node 1] Election timeout! Starting election for term 94
[Node 1] Election finished with 1 votes (need 3).

[Node 1] Election timeout! Starting election for term 95
[Node 1] Election finished with 1 votes (need 3).

[Node 1] Election timeout! Starting election for term 96
[Node 1] Election finished with 1 votes (need 3).

[Node 1] Election timeout! Starting election for term 97
[Node 1] Election finished with 1 votes (need 3).

[Node 1] Election timeout! Starting election for term 98
[Node 1] Election finished with 1 votes (need 3).

[Node 1] Election timeout! Starting election for term 99
[Node 1] Election finished with 1 votes (need 3).

[Node 1] Election timeout! Starting election for term 100
[Node 1] Election finished with 1 votes (need 3).

[Node 1] Election timeout! Starting election for term 101
[Node 1] Election finished with 1 votes (need 3).

[Node 1] Election timeout! Starting election for term 102
[Node 1] Election finished with 1 votes (need 3).

[Node 1] Election timeout! Starting election for term 103
[Node 1] Election finished with 1 votes (need 3).

[Node 1] Election timeout! Starting election for term 104
[Node 1] Election finished with 1 votes (need 3).

[Node 1] Election timeout! Starting election for term 105
[Node 1] Election finished with 1 votes (need 3).

[Node 1] Election timeout! Starting election for term 106
[Node 1] Election finished with 1 votes (need 3).

[Node 1] Election timeout! Starting election for term 107
[Node 1] Election finished with 1 votes (need 3).

[Node 1] Election timeout! Starting election for term 108
[Node 1] Election finished with 1 votes (need 3).

[Node 1] Election timeout! Starting election for term 109
[Node 1] Election finished with 1 votes (need 3).

[Node 1] Election timeout! Starting election for term 110
[Node 1] Election finished with 1 votes (need 3).

[Node 1] Election timeout! Starting election for term 111
[Node 1] Election finished with 1 votes (need 3).

[Node 1] Election timeout! Starting election for term 112
[Node 1] Election finished with 1 votes (need 3).

[Node 1] Election timeout! Starting election for term 113
[Node 1] Election finished with 1 votes (need 3).

[Node 1] Election timeout! Starting election for term 114
[Node 1] Election finished with 1 votes (need 3).

[Node 1] Election timeout! Starting election for term 115
[Node 1] Election finished with 1 votes (need 3).

[Node 1] Election timeout! Starting election for term 116
[Node 1] Election finished with 1 votes (need 3).

[Node 1] Election timeout! Starting election for term 117
[Node 1] Election finished with 1 votes (need 3).

[Node 1] Election timeout! Starting election for term 118
[Node 1] Election finished with 1 votes (need 3).

[Node 1] Election timeout! Starting election for term 119
[Node 1] Election finished with 1 votes (need 3).

[Node 1] Election timeout! Starting election for term 120
[Node 1] Election finished with 1 votes (need 3).

[Node 1] Election timeout! Starting election for term 121
[Node 1] Election finished with 1 votes (need 3).

[Node 1] Election timeout! Starting election for term 122
[Node 1] Election finished with 1 votes (need 3).

[Node 1] Election timeout! Starting election for term 123
[Node 1] Election finished with 1 votes (need 3).

[Node 1] Election timeout! Starting election for term 124
[Node 1] Election finished with 1 votes (need 3).

[Node 1] Election timeout! Starting election for term 125
[Node 1] Election finished with 1 votes (need 3).

[Node 1] Election timeout! Starting election for term 126
[Node 1] Election finished with 1 votes (need 3).

[Node 1] Election timeout! Starting election for term 127
[Node 1] Election finished with 1 votes (need 3).

[Node 1] Election timeout! Starting election for term 128
[Node 1] Election finished with 1 votes (need 3).

[Node 1] Election timeout! Starting election for term 129
[Node 1] Election finished with 1 votes (need 3).

[Node 1] Election timeout! Starting election for term 130
[Node 1] Election finished with 1 votes (need 3).

[Node 1] Election timeout! Starting election for term 131
[Node 1] Election finished with 1 votes (need 3).

[Node 1] Election timeout! Starting election for term 132
[Node 1] Election finished with 1 votes (need 3).

[Node 1] Election timeout! Starting election for term 133
[Node 1] Election finished with 1 votes (need 3).

[Node 1] Election timeout! Starting election for term 134
[Node 1] Election finished with 1 votes (need 3).

[Node 1] Election timeout! Starting election for term 135
[Node 1] Election finished with 1 votes (need 3).

[Node 1] Election timeout! Starting election for term 136
[Node 1] Election finished with 1 votes (need 3).

[Node 1] Election timeout! Starting election for term 137
[Node 1] Election finished with 1 votes (need 3).

[Node 1] Election timeout! Starting election for term 138
[Node 1] Election finished with 1 votes (need 3).

[Node 1] Election timeout! Starting election for term 139
[Node 1] Election finished with 1 votes (need 3).

[Node 1] Election timeout! Starting election for term 140
[Node 1] Election finished with 1 votes (need 3).

[Node 1] Election timeout! Starting election for term 141
[Node 1] Election finished with 1 votes (need 3).

[Node 1] Election timeout! Starting election for term 142
[Node 1] Election finished with 1 votes (need 3).

[Node 1] Election timeout! Starting election for term 143
[Node 1] Election finished with 1 votes (need 3).

[Node 1] Election timeout! Starting election for term 144
[Node 1] Election finished with 1 votes (need 3).

[Node 1] Election timeout! Starting election for term 145
[Node 1] Election finished with 1 votes (need 3).

[Node 1] Election timeout! Starting election for term 146
[Node 1] Election finished with 1 votes (need 3).

[Node 1] Election timeout! Starting election for term 147
[Node 1] Election finished with 1 votes (need 3).

[Node 1] Election timeout! Starting election for term 148
[Node 1] Election finished with 1 votes (need 3).

[Node 1] Election timeout! Starting election for term 149
[Node 1] Election finished with 1 votes (need 3).

[Node 1] Election timeout! Starting election for term 150
[Node 1] Election finished with 1 votes (need 3).

[Node 1] Election timeout! Starting election for term 151
[Node 1] Election finished with 1 votes (need 3).

[Node 1] Election timeout! Starting election for term 152
[Node 1] Election finished with 1 votes (need 3).

[Node 1] Election timeout! Starting election for term 153
[Node 1] Election finished with 1 votes (need 3).

[Node 1] Election timeout! Starting election for term 154
[Node 1] Election finished with 1 votes (need 3).

[Node 1] Election timeout! Starting election for term 155
[Node 1] Election finished with 1 votes (need 3).

[Node 1] Election timeout! Starting election for term 156
[Node 1] Election finished with 1 votes (need 3).

[Node 1] Election timeout! Starting election for term 157
[Node 1] Election finished with 1 votes (need 3).

[Node 1] Election timeout! Starting election for term 158
[Node 1] Election finished with 1 votes (need 3).

[Node 1] Election timeout! Starting election for term 159
[Node 1] Election finished with 1 votes (need 3).

[Node 1] Election timeout! Starting election for term 160
[Node 1] Election finished with 1 votes (need 3).

[Node 1] Election timeout! Starting election for term 161
[Node 1] Election finished with 1 votes (need 3).

[Node 1] Election timeout! Starting election for term 162
[Node 1] Election finished with 1 votes (need 3).

[Node 1] Election timeout! Starting election for term 163
[Node 1] Election finished with 1 votes (need 3).

[Node 1] Election timeout! Starting election for term 164
[Node 1] Election finished with 1 votes (need 3).

[Node 1] Election timeout! Starting election for term 165
[Node 1] Election finished with 1 votes (need 3).

[Node 1] Election timeout! Starting election for term 166
[Node 1] Election finished with 1 votes (need 3).

[Node 1] Election timeout! Starting election for term 167
[Node 1] Election finished with 1 votes (need 3).

[Node 1] Election timeout! Starting election for term 168
[Node 1] Election finished with 1 votes (need 3).

[Node 1] Election timeout! Starting election for term 169
[Node 1] Election finished with 1 votes (need 3).

[Node 1] Election timeout! Starting election for term 170
[Node 1] Election finished with 1 votes (need 3).

[Node 1] Election timeout! Starting election for term 171
[Node 1] Election finished with 1 votes (need 3).

[Node 1] Election timeout! Starting election for term 172
[Node 1] Election finished with 1 votes (need 3).

[Node 1] Election timeout! Starting election for term 173
[Node 1] Election finished with 1 votes (need 3).

[Node 1] Election timeout! Starting election for term 174
[Node 1] Election finished with 1 votes (need 3).

[Node 1] Election timeout! Starting election for term 175
[Node 1] Election finished with 1 votes (need 3).

[Node 1] Election timeout! Starting election for term 176
[Node 1] Election finished with 1 votes (need 3).

[Node 1] Election timeout! Starting election for term 177
[Node 1] Election finished with 1 votes (need 3).

[Node 1] Election timeout! Starting election for term 178
[Node 1] Election finished with 1 votes (need 3).

[Node 1] Election timeout! Starting election for term 179
[Node 1] Election finished with 1 votes (need 3).

[Node 1] Election timeout! Starting election for term 180
[Node 1] Election finished with 1 votes (need 3).

[Node 1] Election timeout! Starting election for term 181
[Node 1] Election finished with 1 votes (need 3).

[Node 1] Election timeout! Starting election for term 182
[Node 1] Election finished with 1 votes (need 3).

[Node 1] Election timeout! Starting election for term 183
[Node 1] Election finished with 1 votes (need 3).

[Node 1] Election timeout! Starting election for term 184
[Node 1] Election finished with 1 votes (need 3).

[Node 1] Election timeout! Starting election for term 185
[Node 1] Election finished with 1 votes (need 3).

[Node 1] Election timeout! Starting election for term 186
[Node 1] Election finished with 1 votes (need 3).

[Node 1] Election timeout! Starting election for term 187
[Node 1] Election finished with 1 votes (need 3).

[Node 1] Election timeout! Starting election for term 188
[Node 1] Election finished with 1 votes (need 3).

[Node 1] Election timeout! Starting election for term 189
[Node 1] Election finished with 1 votes (need 3).

[Node 1] Election timeout! Starting election for term 190
[Node 1] Election finished with 1 votes (need 3).

[Node 1] Election timeout! Starting election for term 191
[Node 1] Election finished with 1 votes (need 3).

[Node 1] Election timeout! Starting election for term 192
[Node 1] Election finished with 1 votes (need 3).

[Node 1] Election timeout! Starting election for term 193
[Node 1] Election finished with 1 votes (need 3).

[Node 1] Election timeout! Starting election for term 194
[Node 1] Election finished with 1 votes (need 3).

[Node 1] Election timeout! Starting election for term 195
[Node 1] Election finished with 1 votes (need 3).

[Node 1] Election timeout! Starting election for term 196
[Node 1] Election finished with 1 votes (need 3).

[Node 1] Election timeout! Starting election for term 197
[Node 1] Election finished with 1 votes (need 3).

[Node 1] Election timeout! Starting election for term 198
[Node 1] Election finished with 1 votes (need 3).

[Node 1] Election timeout! Starting election for term 199
[Node 1] Election finished with 1 votes (need 3).

[Node 1] Election timeout! Starting election for term 200
[Node 1] Election finished with 1 votes (need 3).

[Node 1] Election timeout! Starting election for term 201
[Node 1] Election finished with 1 votes (need 3).

[Node 1] Election timeout! Starting election for term 202
[Node 1] Election finished with 1 votes (need 3).

[Node 1] Election timeout! Starting election for term 203
[Node 1] Election finished with 1 votes (need 3).

[Node 1] Election timeout! Starting election for term 204
[Node 1] Election finished with 1 votes (need 3).

[Node 1] Election timeout! Starting election for term 205
[Node 1] Election finished with 1 votes (need 3).

[Node 1] Election timeout! Starting election for term 206
[Node 1] Election finished with 1 votes (need 3).

[Node 1] Election timeout! Starting election for term 207
[Node 1] Election finished with 1 votes (need 3).

[Node 1] Election timeout! Starting election for term 208
[Node 1] Election finished with 1 votes (need 3).

[Node 1] Election timeout! Starting election for term 209
[Node 1] Election finished with 1 votes (need 3).

[Node 1] Election timeout! Starting election for term 210
[Node 1] Election finished with 1 votes (need 3).

[Node 1] Election timeout! Starting election for term 211
[Node 1] Election finished with 1 votes (need 3).

[Node 1] Election timeout! Starting election for term 212
[Node 1] Election finished with 1 votes (need 3).

[Node 1] Election timeout! Starting election for term 213
[Node 1] Election finished with 1 votes (need 3).

[Node 1] Election timeout! Starting election for term 214
[Node 1] Election finished with 1 votes (need 3).

[Node 1] Election timeout! Starting election for term 215
[Node 1] Election finished with 1 votes (need 3).

[Node 1] Election timeout! Starting election for term 216
[Node 1] Election finished with 1 votes (need 3).

[Node 1] Election timeout! Starting election for term 217
[Node 1] Election finished with 1 votes (need 3).

[Node 1] Election timeout! Starting election for term 218
[Node 1] Election finished with 1 votes (need 3).

[Node 1] Election timeout! Starting election for term 219
[Node 1] Election finished with 1 votes (need 3).

[Node 1] Election timeout! Starting election for term 220
[Node 1] Election finished with 1 votes (need 3).

[Node 1] Election timeout! Starting election for term 221
[Node 1] Election finished with 1 votes (need 3).

[Node 1] Election timeout! Starting election for term 222
[Node 1] Election finished with 1 votes (need 3).

[Node 1] Election timeout! Starting election for term 223
[Node 1] Election finished with 1 votes (need 3).

[Node 1] Election timeout! Starting election for term 224
[Node 1] Election finished with 1 votes (need 3).

[Node 1] Election timeout! Starting election for term 225
[Node 1] Election finished with 1 votes (need 3).

[Node 1] Election timeout! Starting election for term 226
[Node 1] Election finished with 1 votes (need 3).

[Node 1] Election timeout! Starting election for term 227
[Node 1] Election finished with 1 votes (need 3).

[Node 1] Election timeout! Starting election for term 228
[Node 1] Election finished with 1 votes (need 3).

[Node 1] Election timeout! Starting election for term 229
[Node 1] Election finished with 1 votes (need 3).

[Node 1] Election timeout! Starting election for term 230
[Node 1] Election finished with 1 votes (need 3).

[Node 1] Election timeout! Starting election for term 231
[Node 1] Election finished with 1 votes (need 3).

[Node 1] Election timeout! Starting election for term 232
[Node 1] Election finished with 1 votes (need 3).

[Node 1] Election timeout! Starting election for term 233
[Node 1] Election finished with 1 votes (need 3).

[Node 1] Election timeout! Starting election for term 234
[Node 1] Election finished with 1 votes (need 3).

[Node 1] Election timeout! Starting election for term 235
[Node 1] Election finished with 1 votes (need 3).

[Node 1] Election timeout! Starting election for term 236
[Node 1] Election finished with 1 votes (need 3).

[Node 1] Election timeout! Starting election for term 237
[Node 1] Election finished with 1 votes (need 3).

[Node 1] Election timeout! Starting election for term 238
[Node 1] Election finished with 1 votes (need 3).

[Node 1] Election timeout! Starting election for term 239
[Node 1] Election finished with 1 votes (need 3).

[Node 1] Election timeout! Starting election for term 240
[Node 1] Election finished with 1 votes (need 3).

[Node 1] Election timeout! Starting election for term 241
[Node 1] Election finished with 1 votes (need 3).

[Node 1] Election timeout! Starting election for term 242
[Node 1] Election finished with 1 votes (need 3).

[Node 1] Election timeout! Starting election for term 243
[Node 1] Election finished with 1 votes (need 3).

[Node 1] Election timeout! Starting election for term 244
[Node 1] Election finished with 1 votes (need 3).

[Node 1] Election timeout! Starting election for term 245
[Node 1] Election finished with 1 votes (need 3).

[Node 1] Election timeout! Starting election for term 246
[Node 1] Election finished with 1 votes (need 3).

[Node 1] Election timeout! Starting election for term 247
[Node 1] Election finished with 1 votes (need 3).

[Node 1] Election timeout! Starting election for term 248
[Node 1] Election finished with 1 votes (need 3).

[Node 1] Election timeout! Starting election for term 249
[Node 1] Election finished with 1 votes (need 3).

[Node 1] Election timeout! Starting election for term 250
[Node 1] Election finished with 1 votes (need 3).

[Node 1] Election timeout! Starting election for term 251
[Node 1] Election finished with 1 votes (need 3).

[Node 1] Election timeout! Starting election for term 252
[Node 1] Election finished with 1 votes (need 3).

[Node 1] Election timeout! Starting election for term 253
[Node 1] Election finished with 1 votes (need 3).

[Node 1] Election timeout! Starting election for term 254
[Node 1] Election finished with 1 votes (need 3).

[Node 1] Election timeout! Starting election for term 255
[Node 1] Election finished with 1 votes (need 3).

[Node 1] Election timeout! Starting election for term 256
[Node 1] Election finished with 1 votes (need 3).

[Node 1] Election timeout! Starting election for term 257
[Node 1] Election finished with 1 votes (need 3).

[Node 1] Election timeout! Starting election for term 258
[Node 1] Election finished with 1 votes (need 3).

[Node 1] Election timeout! Starting election for term 259
[Node 1] Election finished with 1 votes (need 3).

[Node 1] Election timeout! Starting election for term 260
[Node 1] Election finished with 1 votes (need 3).

[Node 1] Election timeout! Starting election for term 261
[Node 1] Election finished with 1 votes (need 3).

[Node 1] Election timeout! Starting election for term 262
[Node 1] Election finished with 1 votes (need 3).

[Node 1] Election timeout! Starting election for term 263
[Node 1] Election finished with 1 votes (need 3).

[Node 1] Election timeout! Starting election for term 264
[Node 1] Election finished with 1 votes (need 3).

[Node 1] Election timeout! Starting election for term 265
[Node 1] Election finished with 1 votes (need 3).

[Node 1] Election timeout! Starting election for term 266
[Node 1] Election finished with 1 votes (need 3).

[Node 1] Election timeout! Starting election for term 267
[Node 1] Election finished with 1 votes (need 3).

[Node 1] Election timeout! Starting election for term 268
[Node 1] Election finished with 1 votes (need 3).

[Node 1] Election timeout! Starting election for term 269
[Node 1] Election finished with 1 votes (need 3).

[Node 1] Election timeout! Starting election for term 270
[Node 1] Election finished with 1 votes (need 3).

[Node 1] Election timeout! Starting election for term 271
[Node 1] Election finished with 1 votes (need 3).

[Node 1] Election timeout! Starting election for term 272
[Node 1] Election finished with 1 votes (need 3).

[Node 1] Election timeout! Starting election for term 273
[Node 1] Election finished with 1 votes (need 3).

[Node 1] Election timeout! Starting election for term 274
[Node 1] Election finished with 1 votes (need 3).

[Node 1] Election timeout! Starting election for term 275
[Node 1] Election finished with 1 votes (need 3).

[Node 1] Election timeout! Starting election for term 276
[Node 1] Election finished with 1 votes (need 3).

[Node 1] Election timeout! Starting election for term 277
[Node 1] Election finished with 1 votes (need 3).

[Node 1] Election timeout! Starting election for term 278
[Node 1] Election finished with 1 votes (need 3).

[Node 1] Election timeout! Starting election for term 279
[Node 1] Election finished with 1 votes (need 3).

[Node 1] Election timeout! Starting election for term 280
[Node 1] Election finished with 1 votes (need 3).

[Node 1] Election timeout! Starting election for term 281
[Node 1] Election finished with 1 votes (need 3).

[Node 1] Election timeout! Starting election for term 282
[Node 1] Election finished with 1 votes (need 3).

[Node 1] Election timeout! Starting election for term 283
[Node 1] Election finished with 1 votes (need 3).

[Node 1] Election timeout! Starting election for term 284
[Node 1] Election finished with 1 votes (need 3).

[Node 1] Election timeout! Starting election for term 285
[Node 1] Election finished with 1 votes (need 3).

[Node 1] Election timeout! Starting election for term 286
[Node 1] Election finished with 1 votes (need 3).

[Node 1] Election timeout! Starting election for term 287
[Node 1] Election finished with 1 votes (need 3).

[Node 1] Election timeout! Starting election for term 288
[Node 1] Election finished with 1 votes (need 3).

[Node 1] Election timeout! Starting election for term 289
[Node 1] Election finished with 1 votes (need 3).

[Node 1] Election timeout! Starting election for term 290
[Node 1] Election finished with 1 votes (need 3).

[Node 1] Election timeout! Starting election for term 291
[Node 1] Election finished with 1 votes (need 3).

[Node 1] Election timeout! Starting election for term 292
[Node 1] Election finished with 1 votes (need 3).

[Node 1] Election timeout! Starting election for term 293
[Node 1] Election finished with 1 votes (need 3).

[Node 1] Election timeout! Starting election for term 294
[Node 1] Election finished with 1 votes (need 3).

[Node 1] Election timeout! Starting election for term 295
[Node 1] Election finished with 1 votes (need 3).

[Node 1] Election timeout! Starting election for term 296
[Node 1] Election finished with 1 votes (need 3).

[Node 1] Election timeout! Starting election for term 297
[Node 1] Election finished with 1 votes (need 3).

[Node 1] Election timeout! Starting election for term 298
[Node 1] Election finished with 1 votes (need 3).

[Node 1] Election timeout! Starting election for term 299
[Node 1] Election finished with 1 votes (need 3).

[Node 1] Election timeout! Starting election for term 300
[Node 1] Election finished with 1 votes (need 3).

[Node 1] Election timeout! Starting election for term 301
[Node 1] Election finished with 1 votes (need 3).

[Node 1] Election timeout! Starting election for term 302
[Node 1] Election finished with 1 votes (need 3).

[Node 1] Election timeout! Starting election for term 303
[Node 1] Election finished with 1 votes (need 3).

[Node 1] Election timeout! Starting election for term 304
[Node 1] Election finished with 1 votes (need 3).

[Node 1] Election timeout! Starting election for term 305
[Node 1] Election finished with 1 votes (need 3).

[Node 1] Election timeout! Starting election for term 306
[Node 1] Election finished with 1 votes (need 3).

[Node 1] Election timeout! Starting election for term 307
[Node 1] Election finished with 1 votes (need 3).

[Node 1] Election timeout! Starting election for term 308
[Node 1] Election finished with 1 votes (need 3).

[Node 1] Election timeout! Starting election for term 309
[Node 1] Election finished with 1 votes (need 3).

[Node 1] Election timeout! Starting election for term 310
[Node 1] Election finished with 1 votes (need 3).

[Node 1] Election timeout! Starting election for term 311
[Node 1] Election finished with 1 votes (need 3).

[Node 1] Election timeout! Starting election for term 312
[Node 1] Election finished with 1 votes (need 3).

[Node 1] Election timeout! Starting election for term 313
[Node 1] Election finished with 1 votes (need 3).

[Node 1] Election timeout! Starting election for term 314
[Node 1] Election finished with 1 votes (need 3).

[Node 1] Election timeout! Starting election for term 315
[Node 1] Election finished with 1 votes (need 3).

[Node 1] Election timeout! Starting election for term 316
[Node 1] Election finished with 1 votes (need 3).

[Node 1] Election timeout! Starting election for term 317
[Node 1] Election finished with 1 votes (need 3).

[Node 1] Election timeout! Starting election for term 318
[Node 1] Election finished with 1 votes (need 3).

[Node 1] Election timeout! Starting election for term 319
[Node 1] Election finished with 1 votes (need 3).

[Node 1] Election timeout! Starting election for term 320
[Node 1] Election finished with 1 votes (need 3).

[Node 1] Election timeout! Starting election for term 321
[Node 1] Election finished with 1 votes (need 3).

[Node 1] Election timeout! Starting election for term 322
[Node 1] Election finished with 1 votes (need 3).

[Node 1] Election timeout! Starting election for term 323
[Node 1] Election finished with 1 votes (need 3).

[Node 1] Election timeout! Starting election for term 324
[Node 1] Election finished with 1 votes (need 3).

[Node 1] Election timeout! Starting election for term 325
[Node 1] Election finished with 1 votes (need 3).

[Node 1] Election timeout! Starting election for term 326
[Node 1] Election finished with 1 votes (need 3).

[Node 1] Election timeout! Starting election for term 327
[Node 1] Election finished with 1 votes (need 3).

[Node 1] Election timeout! Starting election for term 328
[Node 1] Election finished with 1 votes (need 3).

[Node 1] Election timeout! Starting election for term 329
[Node 1] Election finished with 1 votes (need 3).

[Node 1] Election timeout! Starting election for term 330
[Node 1] Election finished with 1 votes (need 3).

[Node 1] Election timeout! Starting election for term 331
[Node 1] Election finished with 1 votes (need 3).

[Node 1] Election timeout! Starting election for term 332
[Node 1] Election finished with 1 votes (need 3).

[Node 1] Election timeout! Starting election for term 333
[Node 1] Election finished with 1 votes (need 3).

[Node 1] Election timeout! Starting election for term 334
[Node 1] Election finished with 1 votes (need 3).

[Node 1] Election timeout! Starting election for term 335
[Node 1] Election finished with 1 votes (need 3).

[Node 1] Election timeout! Starting election for term 336
[Node 1] Election finished with 1 votes (need 3).

[Node 1] Election timeout! Starting election for term 337
[Node 1] Election finished with 1 votes (need 3).

[Node 1] Election timeout! Starting election for term 338
[Node 1] Election finished with 1 votes (need 3).

[Node 1] Election timeout! Starting election for term 339
[Node 1] Election finished with 1 votes (need 3).

[Node 1] Election timeout! Starting election for term 340
[Node 1] Election finished with 1 votes (need 3).

[Node 1] Election timeout! Starting election for term 341
[Node 1] Election finished with 1 votes (need 3).

[Node 1] Election timeout! Starting election for term 342
[Node 1] Election finished with 1 votes (need 3).

[Node 1] Election timeout! Starting election for term 343
[Node 1] Election finished with 1 votes (need 3).

[Node 1] Election timeout! Starting election for term 344
[Node 1] Election finished with 1 votes (need 3).

[Node 1] Election timeout! Starting election for term 345
[Node 1] Election finished with 1 votes (need 3).

[Node 1] Election timeout! Starting election for term 346
[Node 1] Election finished with 1 votes (need 3).

[Node 1] Election timeout! Starting election for term 347
[Node 1] Election finished with 1 votes (need 3).

[Node 1] Election timeout! Starting election for term 348
[Node 1] Election finished with 1 votes (need 3).

[Node 1] Election timeout! Starting election for term 349
[Node 1] Election finished with 1 votes (need 3).

[Node 1] Election timeout! Starting election for term 350
[Node 1] Election finished with 1 votes (need 3).

[Node 1] Election timeout! Starting election for term 351
[Node 1] Election finished with 1 votes (need 3).

[Node 1] Election timeout! Starting election for term 352
[Node 1] Election finished with 1 votes (need 3).

[Node 1] Election timeout! Starting election for term 353
[Node 1] Election finished with 1 votes (need 3).

[Node 1] Election timeout! Starting election for term 354
[Node 1] Election finished with 1 votes (need 3).

[Node 1] Election timeout! Starting election for term 355
[Node 1] Election finished with 1 votes (need 3).

[Node 1] Election timeout! Starting election for term 356
[Node 1] Election finished with 1 votes (need 3).

[Node 1] Election timeout! Starting election for term 357
[Node 1] Election finished with 1 votes (need 3).

[Node 1] Election timeout! Starting election for term 358
[Node 1] Election finished with 1 votes (need 3).

[Node 1] Election timeout! Starting election for term 359
[Node 1] Election finished with 1 votes (need 3).

[Node 1] Election timeout! Starting election for term 360
[Node 1] Election finished with 1 votes (need 3).

[Node 1] Election timeout! Starting election for term 361
[Node 1] Election finished with 1 votes (need 3).

[Node 1] Election timeout! Starting election for term 362
[Node 1] Election finished with 1 votes (need 3).

[Node 1] Election timeout! Starting election for term 363
[Node 1] Election finished with 1 votes (need 3).

[Node 1] Election timeout! Starting election for term 364
[Node 1] Election finished with 1 votes (need 3).

[Node 1] Election timeout! Starting election for term 365
[Node 1] Election finished with 1 votes (need 3).

[Node 1] Election timeout! Starting election for term 366
[Node 1] Election finished with 1 votes (need 3).

[Node 1] Election timeout! Starting election for term 367
[Node 1] Election finished with 1 votes (need 3).

[Node 1] Election timeout! Starting election for term 368
[Node 1] Election finished with 1 votes (need 3).

[Node 1] Election timeout! Starting election for term 369
[Node 1] Election finished with 1 votes (need 3).

[Node 1] Election timeout! Starting election for term 370
[Node 1] Election finished with 1 votes (need 3).

[Node 1] Election timeout! Starting election for term 371
[Node 1] Election finished with 1 votes (need 3).

[Node 1] Election timeout! Starting election for term 372
[Node 1] Election finished with 1 votes (need 3).

[Node 1] Election timeout! Starting election for term 373
[Node 1] Election finished with 1 votes (need 3).

[Node 1] Election timeout! Starting election for term 374
[Node 1] Election finished with 1 votes (need 3).

[Node 1] Election timeout! Starting election for term 375
[Node 1] Election finished with 1 votes (need 3).

[Node 1] Election timeout! Starting election for term 376
[Node 1] Election finished with 1 votes (need 3).

[Node 1] Election timeout! Starting election for term 377
[Node 1] Election finished with 1 votes (need 3).

[Node 1] Election timeout! Starting election for term 378
[Node 1] Election finished with 1 votes (need 3).

[Node 1] Election timeout! Starting election for term 379
[Node 1] Election finished with 1 votes (need 3).

[Node 1] Election timeout! Starting election for term 380
[Node 1] Election finished with 1 votes (need 3).

[Node 1] Election timeout! Starting election for term 381
[Node 1] Election finished with 1 votes (need 3).

[Node 1] Election timeout! Starting election for term 382
[Node 1] Election finished with 1 votes (need 3).

[Node 1] Election timeout! Starting election for term 383
[Node 1] Election finished with 1 votes (need 3).

[Node 1] Election timeout! Starting election for term 384
[Node 1] Election finished with 1 votes (need 3).

[Node 1] Election timeout! Starting election for term 385
[Node 1] Election finished with 1 votes (need 3).

[Node 1] Election timeout! Starting election for term 386
[Node 1] Election finished with 1 votes (need 3).

[Node 1] Election timeout! Starting election for term 387
[Node 1] Election finished with 1 votes (need 3).

[Node 1] Election timeout! Starting election for term 388
[Node 1] Election finished with 1 votes (need 3).

[Node 1] Election timeout! Starting election for term 389
[Node 1] Election finished with 1 votes (need 3).

[Node 1] Election timeout! Starting election for term 390
[Node 1] Election finished with 1 votes (need 3).

[Node 1] Election timeout! Starting election for term 391
[Node 1] Election finished with 1 votes (need 3).

[Node 1] Election timeout! Starting election for term 392
[Node 1] Election finished with 1 votes (need 3).

[Node 1] Election timeout! Starting election for term 393
[Node 1] Election finished with 1 votes (need 3).

[Node 1] Election timeout! Starting election for term 394
[Node 1] Election finished with 1 votes (need 3).

[Node 1] Election timeout! Starting election for term 395
[Node 1] Election finished with 1 votes (need 3).

[Node 1] Election timeout! Starting election for term 396
[Node 1] Election finished with 1 votes (need 3).

[Node 1] Election timeout! Starting election for term 397
[Node 1] Election finished with 1 votes (need 3).

[Node 1] Election timeout! Starting election for term 398
[Node 1] Election finished with 1 votes (need 3).

[Node 1] Election timeout! Starting election for term 399
[Node 1] Election finished with 1 votes (need 3).

[Node 1] Election timeout! Starting election for term 400
[Node 1] Election finished with 1 votes (need 3).

[Node 1] Election timeout! Starting election for term 401
[Node 1] Election finished with 1 votes (need 3).

[Node 1] Election timeout! Starting election for term 402
[Node 1] Election finished with 1 votes (need 3).

[Node 1] Election timeout! Starting election for term 403
[Node 1] Election finished with 1 votes (need 3).

[Node 1] Election timeout! Starting election for term 404
[Node 1] Election finished with 1 votes (need 3).

[Node 1] Election timeout! Starting election for term 405
[Node 1] Election finished with 1 votes (need 3).

[Node 1] Election timeout! Starting election for term 406
[Node 1] Election finished with 1 votes (need 3).

[Node 1] Election timeout! Starting election for term 407
[Node 1] Election finished with 1 votes (need 3).

[Node 1] Election timeout! Starting election for term 408
[Node 1] Election finished with 1 votes (need 3).

[Node 1] Election timeout! Starting election for term 409
[Node 1] Election finished with 1 votes (need 3).

[Node 1] Election timeout! Starting election for term 410
[Node 1] Election finished with 1 votes (need 3).

[Node 1] Election timeout! Starting election for term 411
[Node 1] Election finished with 1 votes (need 3).

[Node 1] Election timeout! Starting election for term 412
[Node 1] Election finished with 1 votes (need 3).

[Node 1] Election timeout! Starting election for term 413
[Node 1] Election finished with 1 votes (need 3).

[Node 1] Election timeout! Starting election for term 414
[Node 1] Election finished with 1 votes (need 3).

[Node 1] Election timeout! Starting election for term 415
[Node 1] Election finished with 1 votes (need 3).

[Node 1] Election timeout! Starting election for term 416
[Node 1] Election finished with 1 votes (need 3).

[Node 1] Election timeout! Starting election for term 417
[Node 1] Election finished with 1 votes (need 3).

[Node 1] Election timeout! Starting election for term 418
[Node 1] Election finished with 1 votes (need 3).

[Node 1] Election timeout! Starting election for term 419
[Node 1] Election finished with 1 votes (need 3).

[Node 1] Election timeout! Starting election for term 420
[Node 1] Election finished with 1 votes (need 3).

[Node 1] Election timeout! Starting election for term 421
[Node 1] Election finished with 1 votes (need 3).

[Node 1] Election timeout! Starting election for term 422
[Node 1] Election finished with 1 votes (need 3).

[Node 1] Election timeout! Starting election for term 423
[Node 1] Election finished with 1 votes (need 3).

[Node 1] Election timeout! Starting election for term 424
[Node 1] Election finished with 1 votes (need 3).

[Node 1] Election timeout! Starting election for term 425
[Node 1] Election finished with 1 votes (need 3).

[Node 1] Election timeout! Starting election for term 426
[Node 1] Election finished with 1 votes (need 3).

[Node 1] Election timeout! Starting election for term 427
[Node 1] Election finished with 1 votes (need 3).

[Node 1] Election timeout! Starting election for term 428
[Node 1] Election finished with 1 votes (need 3).

[Node 1] Election timeout! Starting election for term 429
[Node 1] Election finished with 1 votes (need 3).

[Node 1] Election timeout! Starting election for term 430
[Node 1] Election finished with 1 votes (need 3).

[Node 1] Election timeout! Starting election for term 431
[Node 1] Election finished with 1 votes (need 3).

[Node 1] Election timeout! Starting election for term 432
[Node 1] Election finished with 1 votes (need 3).

[Node 1] Election timeout! Starting election for term 433
[Node 1] Election finished with 1 votes (need 3).

[Node 1] Election timeout! Starting election for term 434
[Node 1] Election finished with 1 votes (need 3).

[Node 1] Election timeout! Starting election for term 435
[Node 1] Election finished with 1 votes (need 3).

[Node 1] Election timeout! Starting election for term 436
[Node 1] Election finished with 1 votes (need 3).

[Node 1] Election timeout! Starting election for term 437
[Node 1] Election finished with 1 votes (need 3).

[Node 1] Election timeout! Starting election for term 438
[Node 1] Election finished with 1 votes (need 3).

[Node 1] Election timeout! Starting election for term 439
[Node 1] Election finished with 1 votes (need 3).

[Node 1] Election timeout! Starting election for term 440
[Node 1] Election finished with 1 votes (need 3).

[Node 1] Election timeout! Starting election for term 441
[Node 1] Election finished with 1 votes (need 3).

[Node 1] Election timeout! Starting election for term 442
[Node 1] Election finished with 1 votes (need 3).

[Node 1] Election timeout! Starting election for term 443
[Node 1] Election finished with 1 votes (need 3).

[Node 1] Election timeout! Starting election for term 444
[Node 1] Election finished with 1 votes (need 3).

[Node 1] Election timeout! Starting election for term 445
[Node 1] Election finished with 1 votes (need 3).

[Node 1] Election timeout! Starting election for term 446
[Node 1] Election finished with 1 votes (need 3).

[Node 1] Election timeout! Starting election for term 447
[Node 1] Election finished with 1 votes (need 3).

[Node 1] Election timeout! Starting election for term 448
[Node 1] Election finished with 1 votes (need 3).

[Node 1] Election timeout! Starting election for term 449
[Node 1] Election finished with 1 votes (need 3).

[Node 1] Election timeout! Starting election for term 450
[Node 1] Election finished with 1 votes (need 3).

[Node 1] Election timeout! Starting election for term 451
[Node 1] Election finished with 1 votes (need 3).

[Node 1] Election timeout! Starting election for term 452
[Node 1] Election finished with 1 votes (need 3).

[Node 1] Election timeout! Starting election for term 453
[Node 1] Election finished with 1 votes (need 3).

[Node 1] Election timeout! Starting election for term 454
[Node 1] Election finished with 1 votes (need 3).

[Node 1] Election timeout! Starting election for term 455
[Node 1] Election finished with 1 votes (need 3).

[Node 1] Election timeout! Starting election for term 456
[Node 1] Election finished with 1 votes (need 3).

[Node 1] Election timeout! Starting election for term 457
[Node 1] Election finished with 1 votes (need 3).

[Node 1] Election timeout! Starting election for term 458
[Node 1] Election finished with 1 votes (need 3).

[Node 1] Election timeout! Starting election for term 459
[Node 1] Election finished with 1 votes (need 3).

[Node 1] Election timeout! Starting election for term 460
[Node 1] Election finished with 1 votes (need 3).

[Node 1] Election timeout! Starting election for term 461
[Node 1] Election finished with 1 votes (need 3).

[Node 1] Election timeout! Starting election for term 462
[Node 1] Election finished with 1 votes (need 3).

[Node 1] Election timeout! Starting election for term 463
[Node 1] Election finished with 1 votes (need 3).

[Node 1] Election timeout! Starting election for term 464
[Node 1] Election finished with 1 votes (need 3).

[Node 1] Election timeout! Starting election for term 465
[Node 1] Election finished with 1 votes (need 3).

[Node 1] Election timeout! Starting election for term 466
[Node 1] Election finished with 1 votes (need 3).

[Node 1] Election timeout! Starting election for term 467
[Node 1] Election finished with 1 votes (need 3).

[Node 1] Election timeout! Starting election for term 468
[Node 1] Election finished with 1 votes (need 3).

[Node 1] Election timeout! Starting election for term 469
[Node 1] Election finished with 1 votes (need 3).

[Node 1] Election timeout! Starting election for term 470
[Node 1] Election finished with 1 votes (need 3).

[Node 1] Election timeout! Starting election for term 471
[Node 1] Election finished with 1 votes (need 3).

[Node 1] Election timeout! Starting election for term 472
[Node 1] Election finished with 1 votes (need 3).

[Node 1] Election timeout! Starting election for term 473
[Node 1] Election finished with 1 votes (need 3).

[Node 1] Election timeout! Starting election for term 474
[Node 1] Election finished with 1 votes (need 3).

[Node 1] Election timeout! Starting election for term 475
[Node 1] Election finished with 1 votes (need 3).

[Node 1] Election timeout! Starting election for term 476
[Node 1] Election finished with 1 votes (need 3).

[Node 1] Election timeout! Starting election for term 477
[Node 1] Election finished with 1 votes (need 3).

[Node 1] Election timeout! Starting election for term 478
[Node 1] Election finished with 1 votes (need 3).

[Node 1] Election timeout! Starting election for term 479
[Node 1] Election finished with 1 votes (need 3).

[Node 1] Election timeout! Starting election for term 480
[Node 1] Election finished with 1 votes (need 3).

[Node 1] Election timeout! Starting election for term 481
[Node 1] Election finished with 1 votes (need 3).

[Node 1] Election timeout! Starting election for term 482
[Node 1] Election finished with 1 votes (need 3).

[Node 1] Election timeout! Starting election for term 483
[Node 1] Election finished with 1 votes (need 3).

[Node 1] Election timeout! Starting election for term 484
[Node 1] Election finished with 1 votes (need 3).

[Node 1] Election timeout! Starting election for term 485
[Node 1] Election finished with 1 votes (need 3).

[Node 1] Election timeout! Starting election for term 486
[Node 1] Election finished with 1 votes (need 3).

[Node 1] Election timeout! Starting election for term 487
[Node 1] Election finished with 1 votes (need 3).

[Node 1] Election timeout! Starting election for term 488
[Node 1] Election finished with 1 votes (need 3).

[Node 1] Election timeout! Starting election for term 489
[Node 1] Election finished with 1 votes (need 3).

[Node 1] Election timeout! Starting election for term 490
[Node 1] Election finished with 1 votes (need 3).

[Node 1] Election timeout! Starting election for term 491
[Node 1] Election finished with 1 votes (need 3).

[Node 1] Election timeout! Starting election for term 492
[Node 1] Election finished with 1 votes (need 3).

[Node 1] Election timeout! Starting election for term 493
[Node 1] Election finished with 1 votes (need 3).

[Node 1] Election timeout! Starting election for term 494
[Node 1] Election finished with 1 votes (need 3).

[Node 1] Election timeout! Starting election for term 495
[Node 1] Election finished with 1 votes (need 3).

[Node 1] Election timeout! Starting election for term 496
[Node 1] Election finished with 1 votes (need 3).

[Node 1] Election timeout! Starting election for term 497
[Node 1] Election finished with 1 votes (need 3).

[Node 1] Election timeout! Starting election for term 498
[Node 1] Election finished with 1 votes (need 3).

[Node 1] Election timeout! Starting election for term 499
[Node 1] Election finished with 1 votes (need 3).

[Node 1] Election timeout! Starting election for term 500
[Node 1] Election finished with 1 votes (need 3).

[Node 1] Election timeout! Starting election for term 501
[Node 1] Election finished with 1 votes (need 3).

[Node 1] Election timeout! Starting election for term 502
[Node 1] Election finished with 1 votes (need 3).

[Node 1] Election timeout! Starting election for term 503
[Node 1] Election finished with 1 votes (need 3).

[Node 1] Election timeout! Starting election for term 504
[Node 1] Election finished with 1 votes (need 3).

[Node 1] Election timeout! Starting election for term 505
[Node 1] Election finished with 1 votes (need 3).

[Node 1] Election timeout! Starting election for term 506
[Node 1] Election finished with 1 votes (need 3).

[Node 1] Election timeout! Starting election for term 507
[Node 1] Election finished with 1 votes (need 3).

[Node 1] Election timeout! Starting election for term 508
[Node 1] Election finished with 1 votes (need 3).

[Node 1] Election timeout! Starting election for term 509
[Node 1] Election finished with 1 votes (need 3).

[Node 1] Election timeout! Starting election for term 510
[Node 1] Election finished with 1 votes (need 3).

[Node 1] Election timeout! Starting election for term 511
[Node 1] Election finished with 1 votes (need 3).

[Node 1] Election timeout! Starting election for term 512
[Node 1] Election finished with 1 votes (need 3).

[Node 1] Election timeout! Starting election for term 513
[Node 1] Election finished with 1 votes (need 3).

[Node 1] Election timeout! Starting election for term 514
[Node 1] Election finished with 1 votes (need 3).

[Node 1] Election timeout! Starting election for term 515
[Node 1] Election finished with 1 votes (need 3).

[Node 1] Election timeout! Starting election for term 516
[Node 1] Election finished with 1 votes (need 3).

[Node 1] Election timeout! Starting election for term 517
[Node 1] Election finished with 1 votes (need 3).

[Node 1] Election timeout! Starting election for term 518
[Node 1] Election finished with 1 votes (need 3).

[Node 1] Election timeout! Starting election for term 519
[Node 1] Election finished with 1 votes (need 3).

[Node 1] Election timeout! Starting election for term 520
[Node 1] Election finished with 1 votes (need 3).

[Node 1] Election timeout! Starting election for term 521
[Node 1] Election finished with 1 votes (need 3).

[Node 1] Election timeout! Starting election for term 522
[Node 1] Election finished with 1 votes (need 3).

[Node 1] Election timeout! Starting election for term 523
[Node 1] Election finished with 1 votes (need 3).

[Node 1] Election timeout! Starting election for term 524
[Node 1] Election finished with 1 votes (need 3).

[Node 1] Election timeout! Starting election for term 525
[Node 1] Election finished with 1 votes (need 3).

[Node 1] Election timeout! Starting election for term 526
[Node 1] Election finished with 1 votes (need 3).

[Node 1] Election timeout! Starting election for term 527
[Node 1] Election finished with 1 votes (need 3).

[Node 1] Election timeout! Starting election for term 528
[Node 1] Election finished with 1 votes (need 3).

[Node 1] Election timeout! Starting election for term 529
[Node 1] Election finished with 1 votes (need 3).

[Node 1] Election timeout! Starting election for term 530
[Node 1] Election finished with 1 votes (need 3).

[Node 1] Election timeout! Starting election for term 531
[Node 1] Election finished with 1 votes (need 3).

[Node 1] Election timeout! Starting election for term 532
[Node 1] Election finished with 1 votes (need 3).

[Node 1] Election timeout! Starting election for term 533
[Node 1] Election finished with 1 votes (need 3).

[Node 1] Election timeout! Starting election for term 534
[Node 1] Election finished with 1 votes (need 3).

[Node 1] Election timeout! Starting election for term 535
[Node 1] Election finished with 1 votes (need 3).

[Node 1] Election timeout! Starting election for term 536
[Node 1] Election finished with 1 votes (need 3).

[Node 1] Election timeout! Starting election for term 537
[Node 1] Election finished with 1 votes (need 3).

[Node 1] Election timeout! Starting election for term 538
[Node 1] Election finished with 1 votes (need 3).

[Node 1] Election timeout! Starting election for term 539
[Node 1] Election finished with 1 votes (need 3).

[Node 1] Election timeout! Starting election for term 540
[Node 1] Election finished with 1 votes (need 3).

[Node 1] Election timeout! Starting election for term 541
[Node 1] Election finished with 1 votes (need 3).

[Node 1] Election timeout! Starting election for term 542
[Node 1] Election finished with 1 votes (need 3).

[Node 1] Election timeout! Starting election for term 543
[Node 1] Election finished with 1 votes (need 3).

[Node 1] Election timeout! Starting election for term 544
[Node 1] Election finished with 1 votes (need 3).

[Node 1] Election timeout! Starting election for term 545
[Node 1] Election finished with 1 votes (need 3).

[Node 1] Election timeout! Starting election for term 546
[Node 1] Election finished with 1 votes (need 3).

[Node 1] Election timeout! Starting election for term 547
[Node 1] Election finished with 1 votes (need 3).

[Node 1] Election timeout! Starting election for term 548
[Node 1] Election finished with 1 votes (need 3).

[Node 1] Election timeout! Starting election for term 549
[Node 1] Election finished with 1 votes (need 3).

[Node 1] Election timeout! Starting election for term 550
[Node 1] Election finished with 1 votes (need 3).

[Node 1] Election timeout! Starting election for term 551
[Node 1] Election finished with 1 votes (need 3).

[Node 1] Election timeout! Starting election for term 552
[Node 1] Election finished with 1 votes (need 3).

[Node 1] Election timeout! Starting election for term 553
[Node 1] Election finished with 1 votes (need 3).

[Node 1] Election timeout! Starting election for term 554
[Node 1] Election finished with 1 votes (need 3).

[Node 1] Election timeout! Starting election for term 555
[Node 1] Election finished with 1 votes (need 3).

[Node 1] Election timeout! Starting election for term 556
[Node 1] Election finished with 1 votes (need 3).

[Node 1] Election timeout! Starting election for term 557
[Node 1] Election finished with 1 votes (need 3).

[Node 1] Election timeout! Starting election for term 558
[Node 1] Election finished with 1 votes (need 3).

[Node 1] Election timeout! Starting election for term 559
[Node 1] Election finished with 1 votes (need 3).

[Node 1] Election timeout! Starting election for term 560
[Node 1] Election finished with 1 votes (need 3).

[Node 1] Election timeout! Starting election for term 561
[Node 1] Election finished with 1 votes (need 3).

[Node 1] Election timeout! Starting election for term 562
[Node 1] Election finished with 1 votes (need 3).

[Node 1] Election timeout! Starting election for term 563
[Node 1] Election finished with 1 votes (need 3).

[Node 1] Election timeout! Starting election for term 564
[Node 1] Election finished with 1 votes (need 3).

[Node 1] Election timeout! Starting election for term 565
[Node 1] Election finished with 1 votes (need 3).

[Node 1] Election timeout! Starting election for term 566
[Node 1] Election finished with 1 votes (need 3).

[Node 1] Election timeout! Starting election for term 567
[Node 1] Election finished with 1 votes (need 3).

[Node 1] Election timeout! Starting election for term 568
[Node 1] Election finished with 1 votes (need 3).

[Node 1] Election timeout! Starting election for term 569
[Node 1] Election finished with 1 votes (need 3).

[Node 1] Election timeout! Starting election for term 570
[Node 1] Election finished with 1 votes (need 3).

[Node 1] Election timeout! Starting election for term 571
[Node 1] Election finished with 1 votes (need 3).

[Node 1] Election timeout! Starting election for term 572
[Node 1] Election finished with 1 votes (need 3).

[Node 1] Election timeout! Starting election for term 573
[Node 1] Election finished with 1 votes (need 3).

[Node 1] Election timeout! Starting election for term 574
[Node 1] Election finished with 1 votes (need 3).

[Node 1] Election timeout! Starting election for term 575
[Node 1] Election finished with 1 votes (need 3).

[Node 1] Election timeout! Starting election for term 576
[Node 1] Election finished with 1 votes (need 3).

[Node 1] Election timeout! Starting election for term 577
[Node 1] Election finished with 1 votes (need 3).

[Node 1] Election timeout! Starting election for term 578
[Node 1] Election finished with 1 votes (need 3).

[Node 1] Election timeout! Starting election for term 579
[Node 1] Election finished with 1 votes (need 3).

[Node 1] Election timeout! Starting election for term 580
[Node 1] Election finished with 1 votes (need 3).

[Node 1] Election timeout! Starting election for term 581
[Node 1] Election finished with 1 votes (need 3).

[Node 1] Election timeout! Starting election for term 582
[Node 1] Election finished with 1 votes (need 3).

[Node 1] Election timeout! Starting election for term 583
[Node 1] Election finished with 1 votes (need 3).

[Node 1] Election timeout! Starting election for term 584
[Node 1] Election finished with 1 votes (need 3).

[Node 1] Election timeout! Starting election for term 585
[Node 1] Election finished with 1 votes (need 3).

[Node 1] Election timeout! Starting election for term 586
[Node 1] Election finished with 1 votes (need 3).

[Node 1] Election timeout! Starting election for term 587
[Node 1] Election finished with 1 votes (need 3).

[Node 1] Election timeout! Starting election for term 588
[Node 1] Election finished with 1 votes (need 3).

[Node 1] Election timeout! Starting election for term 589
[Node 1] Election finished with 1 votes (need 3).

[Node 1] Election timeout! Starting election for term 590
[Node 1] Election finished with 1 votes (need 3).

[Node 1] Election timeout! Starting election for term 591
[Node 1] Election finished with 1 votes (need 3).

[Node 1] Election timeout! Starting election for term 592
[Node 1] Election finished with 1 votes (need 3).

[Node 1] Election timeout! Starting election for term 593
[Node 1] Election finished with 1 votes (need 3).

[Node 1] Election timeout! Starting election for term 594
[Node 1] Election finished with 1 votes (need 3).

[Node 1] Election timeout! Starting election for term 595
[Node 1] Election finished with 1 votes (need 3).

[Node 1] Election timeout! Starting election for term 596
[Node 1] Election finished with 1 votes (need 3).

[Node 1] Election timeout! Starting election for term 597
[Node 1] Election finished with 1 votes (need 3).

[Node 1] Election timeout! Starting election for term 598
[Node 1] Election finished with 1 votes (need 3).

[Node 1] Election timeout! Starting election for term 599
[Node 1] Election finished with 1 votes (need 3).

[Node 1] Election timeout! Starting election for term 600
[Node 1] Election finished with 1 votes (need 3).

[Node 1] Election timeout! Starting election for term 601
[Node 1] Election finished with 1 votes (need 3).

[Node 1] Election timeout! Starting election for term 602
[Node 1] Election finished with 1 votes (need 3).

[Node 1] Election timeout! Starting election for term 603
[Node 1] Election finished with 1 votes (need 3).

[Node 1] Election timeout! Starting election for term 604
[Node 1] Election finished with 1 votes (need 3).

[Node 1] Election timeout! Starting election for term 605
[Node 1] Election finished with 1 votes (need 3).

[Node 1] Election timeout! Starting election for term 606
[Node 1] Election finished with 1 votes (need 3).

[Node 1] Election timeout! Starting election for term 607
[Node 1] Election finished with 1 votes (need 3).

[Node 1] Election timeout! Starting election for term 608
[Node 1] Election finished with 1 votes (need 3).

[Node 1] Election timeout! Starting election for term 609
[Node 1] Election finished with 1 votes (need 3).

[Node 1] Election timeout! Starting election for term 610
[Node 1] Election finished with 1 votes (need 3).

[Node 1] Election timeout! Starting election for term 611
[Node 1] Election finished with 1 votes (need 3).

[Node 1] Election timeout! Starting election for term 612
[Node 1] Election finished with 1 votes (need 3).

[Node 1] Election timeout! Starting election for term 613
[Node 1] Election finished with 1 votes (need 3).

[Node 1] Election timeout! Starting election for term 614
[Node 1] Election finished with 1 votes (need 3).

[Node 1] Election timeout! Starting election for term 615
[Node 1] Election finished with 1 votes (need 3).

[Node 1] Election timeout! Starting election for term 616
[Node 1] Election finished with 1 votes (need 3).

[Node 1] Election timeout! Starting election for term 617
[Node 1] Election finished with 1 votes (need 3).

[Node 1] Election timeout! Starting election for term 618
[Node 1] Election finished with 1 votes (need 3).

[Node 1] Election timeout! Starting election for term 619
[Node 1] Election finished with 1 votes (need 3).

[Node 1] Election timeout! Starting election for term 620
[Node 1] Election finished with 1 votes (need 3).

[Node 1] Election timeout! Starting election for term 621
[Node 1] Election finished with 1 votes (need 3).

[Node 1] Election timeout! Starting election for term 622
[Node 1] Election finished with 1 votes (need 3).

[Node 1] Election timeout! Starting election for term 623
[Node 1] Election finished with 1 votes (need 3).

[Node 1] Election timeout! Starting election for term 624
[Node 1] Election finished with 1 votes (need 3).

[Node 1] Election timeout! Starting election for term 625
[Node 1] Election finished with 1 votes (need 3).

[Node 1] Election timeout! Starting election for term 626
[Node 1] Election finished with 1 votes (need 3).

[Node 1] Election timeout! Starting election for term 627
[Node 1] Election finished with 1 votes (need 3).

[Node 1] Election timeout! Starting election for term 628
[Node 1] Election finished with 1 votes (need 3).

[Node 1] Election timeout! Starting election for term 629
[Node 1] Election finished with 1 votes (need 3).

[Node 1] Election timeout! Starting election for term 630
[Node 1] Election finished with 1 votes (need 3).

[Node 1] Election timeout! Starting election for term 631
[Node 1] Election finished with 1 votes (need 3).

[Node 1] Election timeout! Starting election for term 632
[Node 1] Election finished with 1 votes (need 3).

[Node 1] Election timeout! Starting election for term 633
[Node 1] Election finished with 1 votes (need 3).

[Node 1] Election timeout! Starting election for term 634
[Node 1] Election finished with 1 votes (need 3).

[Node 1] Election timeout! Starting election for term 635
[Node 1] Election finished with 1 votes (need 3).

[Node 1] Election timeout! Starting election for term 636
[Node 1] Election finished with 1 votes (need 3).

[Node 1] Election timeout! Starting election for term 637
[Node 1] Election finished with 1 votes (need 3).

[Node 1] Election timeout! Starting election for term 638
[Node 1] Election finished with 1 votes (need 3).

[Node 1] Election timeout! Starting election for term 639
[Node 1] Election finished with 1 votes (need 3).

[Node 1] Election timeout! Starting election for term 640
[Node 1] Election finished with 1 votes (need 3).

[Node 1] Election timeout! Starting election for term 641
[Node 1] Election finished with 1 votes (need 3).

[Node 1] Election timeout! Starting election for term 642
[Node 1] Election finished with 1 votes (need 3).

[Node 1] Election timeout! Starting election for term 643
[Node 1] Election finished with 1 votes (need 3).

[Node 1] Election timeout! Starting election for term 644
[Node 1] Election finished with 1 votes (need 3).

[Node 1] Election timeout! Starting election for term 645
[Node 1] Election finished with 1 votes (need 3).

[Node 1] Election timeout! Starting election for term 646
[Node 1] Election finished with 1 votes (need 3).

[Node 1] Election timeout! Starting election for term 647
[Node 1] Election finished with 1 votes (need 3).

[Node 1] Election timeout! Starting election for term 648
[Node 1] Election finished with 1 votes (need 3).

[Node 1] Election timeout! Starting election for term 649
[Node 1] Election finished with 1 votes (need 3).

[Node 1] Election timeout! Starting election for term 650
[Node 1] Election finished with 1 votes (need 3).

[Node 1] Election timeout! Starting election for term 651
[Node 1] Election finished with 1 votes (need 3).

[Node 1] Election timeout! Starting election for term 652
[Node 1] Election finished with 1 votes (need 3).

[Node 1] Election timeout! Starting election for term 653
[Node 1] Election finished with 1 votes (need 3).

[Node 1] Election timeout! Starting election for term 654
[Node 1] Election finished with 1 votes (need 3).

[Node 1] Election timeout! Starting election for term 655
[Node 1] Election finished with 1 votes (need 3).

[Node 1] Election timeout! Starting election for term 656
[Node 1] Election finished with 1 votes (need 3).

[Node 1] Election timeout! Starting election for term 657
[Node 1] Election finished with 1 votes (need 3).

[Node 1] Election timeout! Starting election for term 658
[Node 1] Election finished with 1 votes (need 3).

[Node 1] Election timeout! Starting election for term 659
[Node 1] Election finished with 1 votes (need 3).

[Node 1] Election timeout! Starting election for term 660
[Node 1] Election finished with 1 votes (need 3).

[Node 1] Election timeout! Starting election for term 661
[Node 1] Election finished with 1 votes (need 3).

[Node 1] Election timeout! Starting election for term 662
[Node 1] Election finished with 1 votes (need 3).

[Node 1] Election timeout! Starting election for term 663
[Node 1] Election finished with 1 votes (need 3).

[Node 1] Election timeout! Starting election for term 664
[Node 1] Election finished with 1 votes (need 3).

[Node 1] Election timeout! Starting election for term 665
[Node 1] Election finished with 1 votes (need 3).

[Node 1] Election timeout! Starting election for term 666
[Node 1] Election finished with 1 votes (need 3).

[Node 1] Election timeout! Starting election for term 667
[Node 1] Election finished with 1 votes (need 3).

[Node 1] Election timeout! Starting election for term 668
[Node 1] Election finished with 1 votes (need 3).

[Node 1] Election timeout! Starting election for term 669
[Node 1] Election finished with 1 votes (need 3).

[Node 1] Election timeout! Starting election for term 670
[Node 1] Election finished with 1 votes (need 3).

[Node 1] Election timeout! Starting election for term 671
[Node 1] Election finished with 1 votes (need 3).

[Node 1] Election timeout! Starting election for term 672
[Node 1] Election finished with 1 votes (need 3).

[Node 1] Election timeout! Starting election for term 673
[Node 1] Election finished with 1 votes (need 3).

[Node 1] Election timeout! Starting election for term 674
[Node 1] Election finished with 1 votes (need 3).

[Node 1] Election timeout! Starting election for term 675
[Node 1] Election finished with 1 votes (need 3).

[Node 1] Election timeout! Starting election for term 676
[Node 1] Election finished with 1 votes (need 3).

[Node 1] Election timeout! Starting election for term 677
[Node 1] Election finished with 1 votes (need 3).

[Node 1] Election timeout! Starting election for term 678
[Node 1] Election finished with 1 votes (need 3).

[Node 1] Election timeout! Starting election for term 679
[Node 1] Election finished with 1 votes (need 3).

[Node 1] Election timeout! Starting election for term 680
[Node 1] Election finished with 1 votes (need 3).

[Node 1] Election timeout! Starting election for term 681
[Node 1] Election finished with 1 votes (need 3).

[Node 1] Election timeout! Starting election for term 682
[Node 1] Election finished with 1 votes (need 3).

[Node 1] Election timeout! Starting election for term 683
[Node 1] Election finished with 1 votes (need 3).

[Node 1] Election timeout! Starting election for term 684
[Node 1] Election finished with 1 votes (need 3).

[Node 1] Election timeout! Starting election for term 685
[Node 1] Election finished with 1 votes (need 3).

[Node 1] Election timeout! Starting election for term 686
[Node 1] Election finished with 1 votes (need 3).

[Node 1] Election timeout! Starting election for term 687
[Node 1] Election finished with 1 votes (need 3).

[Node 1] Election timeout! Starting election for term 688
[Node 1] Election finished with 1 votes (need 3).

[Node 1] Election timeout! Starting election for term 689
[Node 1] Election finished with 1 votes (need 3).

[Node 1] Election timeout! Starting election for term 690
[Node 1] Election finished with 1 votes (need 3).

[Node 1] Election timeout! Starting election for term 691
[Node 1] Election finished with 1 votes (need 3).

[Node 1] Election timeout! Starting election for term 692
[Node 1] Election finished with 1 votes (need 3).

[Node 1] Election timeout! Starting election for term 693
[Node 1] Election finished with 1 votes (need 3).

[Node 1] Election timeout! Starting election for term 694
[Node 1] Election finished with 1 votes (need 3).

[Node 1] Election timeout! Starting election for term 695
[Node 1] Election finished with 1 votes (need 3).

[Node 1] Election timeout! Starting election for term 696
[Node 1] Election finished with 1 votes (need 3).

[Node 1] Election timeout! Starting election for term 697
[Node 1] Election finished with 1 votes (need 3).

[Node 1] Election timeout! Starting election for term 698
[Node 1] Election finished with 1 votes (need 3).

[Node 1] Election timeout! Starting election for term 699
[Node 1] Election finished with 1 votes (need 3).

[Node 1] Election timeout! Starting election for term 700
[Node 1] Election finished with 1 votes (need 3).

[Node 1] Election timeout! Starting election for term 701
[Node 1] Election finished with 1 votes (need 3).

[Node 1] Election timeout! Starting election for term 702
[Node 1] Election finished with 1 votes (need 3).

[Node 1] Election timeout! Starting election for term 703
[Node 1] Election finished with 1 votes (need 3).

[Node 1] Election timeout! Starting election for term 704
[Node 1] Election finished with 1 votes (need 3).

[Node 1] Election timeout! Starting election for term 705
[Node 1] Election finished with 1 votes (need 3).

[Node 1] Election timeout! Starting election for term 706
[Node 1] Election finished with 1 votes (need 3).

[Node 1] Election timeout! Starting election for term 707
[Node 1] Election finished with 1 votes (need 3).

[Node 1] Election timeout! Starting election for term 708
[Node 1] Election finished with 1 votes (need 3).

[Node 1] Election timeout! Starting election for term 709
[Node 1] Election finished with 1 votes (need 3).

[Node 1] Election timeout! Starting election for term 710
[Node 1] Election finished with 1 votes (need 3).

[Node 1] Election timeout! Starting election for term 711
[Node 1] Election finished with 1 votes (need 3).

[Node 1] Election timeout! Starting election for term 712
[Node 1] Election finished with 1 votes (need 3).

[Node 1] Election timeout! Starting election for term 713
[Node 1] Election finished with 1 votes (need 3).

[Node 1] Election timeout! Starting election for term 714
[Node 1] Election finished with 1 votes (need 3).

[Node 1] Election timeout! Starting election for term 715
[Node 1] Election finished with 1 votes (need 3).

[Node 1] Election timeout! Starting election for term 716
[Node 1] Election finished with 1 votes (need 3).

[Node 1] Election timeout! Starting election for term 717
[Node 1] Election finished with 1 votes (need 3).

[Node 1] Election timeout! Starting election for term 718
[Node 1] Election finished with 1 votes (need 3).

[Node 1] Election timeout! Starting election for term 719
[Node 1] Election finished with 1 votes (need 3).

[Node 1] Election timeout! Starting election for term 720
[Node 1] Election finished with 1 votes (need 3).

[Node 1] Election timeout! Starting election for term 721
[Node 1] Election finished with 1 votes (need 3).

[Node 1] Election timeout! Starting election for term 722
[Node 1] Election finished with 1 votes (need 3).

[Node 1] Election timeout! Starting election for term 723
[Node 1] Election finished with 1 votes (need 3).

[Node 1] Election timeout! Starting election for term 724
[Node 1] Election finished with 1 votes (need 3).

[Node 1] Election timeout! Starting election for term 725
[Node 1] Election finished with 1 votes (need 3).

[Node 1] Election timeout! Starting election for term 726
[Node 1] Election finished with 1 votes (need 3).

[Node 1] Election timeout! Starting election for term 727
[Node 1] Election finished with 1 votes (need 3).

[Node 1] Election timeout! Starting election for term 728
[Node 1] Election finished with 1 votes (need 3).

[Node 1] Election timeout! Starting election for term 729
[Node 1] Election finished with 1 votes (need 3).

[Node 1] Election timeout! Starting election for term 730
[Node 1] Election finished with 1 votes (need 3).

[Node 1] Election timeout! Starting election for term 731
[Node 1] Election finished with 1 votes (need 3).

[Node 1] Election timeout! Starting election for term 732
[Node 1] Election finished with 1 votes (need 3).

[Node 1] Election timeout! Starting election for term 733
[Node 1] Election finished with 1 votes (need 3).

[Node 1] Election timeout! Starting election for term 734
[Node 1] Election finished with 1 votes (need 3).

[Node 1] Election timeout! Starting election for term 735
[Node 1] Election finished with 1 votes (need 3).

[Node 1] Election timeout! Starting election for term 736
[Node 1] Election finished with 1 votes (need 3).

[Node 1] Election timeout! Starting election for term 737
[Node 1] Election finished with 1 votes (need 3).

[Node 1] Election timeout! Starting election for term 738
[Node 1] Election finished with 1 votes (need 3).

[Node 1] Election timeout! Starting election for term 739
[Node 1] Election finished with 1 votes (need 3).

[Node 1] Election timeout! Starting election for term 740
[Node 1] Election finished with 1 votes (need 3).

[Node 1] Election timeout! Starting election for term 741
[Node 1] Election finished with 1 votes (need 3).

[Node 1] Election timeout! Starting election for term 742
[Node 1] Election finished with 1 votes (need 3).

[Node 1] Election timeout! Starting election for term 743
[Node 1] Election finished with 1 votes (need 3).

[Node 1] Election timeout! Starting election for term 744
[Node 1] Election finished with 1 votes (need 3).

[Node 1] Election timeout! Starting election for term 745
[Node 1] Election finished with 1 votes (need 3).

[Node 1] Election timeout! Starting election for term 746
[Node 1] Election finished with 1 votes (need 3).

[Node 1] Election timeout! Starting election for term 747
[Node 1] Election finished with 1 votes (need 3).

[Node 1] Election timeout! Starting election for term 748
[Node 1] Election finished with 1 votes (need 3).

[Node 1] Election timeout! Starting election for term 749
[Node 1] Election finished with 1 votes (need 3).

[Node 1] Election timeout! Starting election for term 750
[Node 1] Election finished with 1 votes (need 3).

[Node 1] Election timeout! Starting election for term 751
[Node 1] Election finished with 1 votes (need 3).

[Node 1] Election timeout! Starting election for term 752
[Node 1] Election finished with 1 votes (need 3).

[Node 1] Election timeout! Starting election for term 753
[Node 1] Election finished with 1 votes (need 3).

[Node 1] Election timeout! Starting election for term 754
[Node 1] Election finished with 1 votes (need 3).

[Node 1] Election timeout! Starting election for term 755
[Node 1] Election finished with 1 votes (need 3).

[Node 1] Election timeout! Starting election for term 756
[Node 1] Election finished with 1 votes (need 3).

[Node 1] Election timeout! Starting election for term 757
[Node 1] Election finished with 1 votes (need 3).

[Node 1] Election timeout! Starting election for term 758
[Node 1] Election finished with 1 votes (need 3).

[Node 1] Election timeout! Starting election for term 759
[Node 1] Election finished with 1 votes (need 3).

[Node 1] Election timeout! Starting election for term 760
[Node 1] Election finished with 1 votes (need 3).

[Node 1] Election timeout! Starting election for term 761
[Node 1] Election finished with 1 votes (need 3).

[Node 1] Election timeout! Starting election for term 762
[Node 1] Election finished with 1 votes (need 3).

[Node 1] Election timeout! Starting election for term 763
[Node 1] Election finished with 1 votes (need 3).

[Node 1] Election timeout! Starting election for term 764
[Node 1] Election finished with 1 votes (need 3).

[Node 1] Election timeout! Starting election for term 765
[Node 1] Election finished with 1 votes (need 3).

[Node 1] Election timeout! Starting election for term 766
[Node 1] Election finished with 1 votes (need 3).

[Node 1] Election timeout! Starting election for term 767
[Node 1] Election finished with 1 votes (need 3).

[Node 1] Election timeout! Starting election for term 768
[Node 1] Election finished with 1 votes (need 3).

[Node 1] Election timeout! Starting election for term 769
[Node 1] Election finished with 1 votes (need 3).

[Node 1] Election timeout! Starting election for term 770
[Node 1] Election finished with 1 votes (need 3).

[Node 1] Election timeout! Starting election for term 771
[Node 1] Election finished with 1 votes (need 3).

[Node 1] Election timeout! Starting election for term 772
[Node 1] Election finished with 1 votes (need 3).

[Node 1] Election timeout! Starting election for term 773
[Node 1] Election finished with 1 votes (need 3).

[Node 1] Election timeout! Starting election for term 774
[Node 1] Election finished with 1 votes (need 3).

[Node 1] Election timeout! Starting election for term 775
[Node 1] Election finished with 1 votes (need 3).

[Node 1] Election timeout! Starting election for term 776
[Node 1] Election finished with 1 votes (need 3).

[Node 1] Election timeout! Starting election for term 777
[Node 1] Election finished with 1 votes (need 3).

[Node 1] Election timeout! Starting election for term 778
[Node 1] Election finished with 1 votes (need 3).

[Node 1] Election timeout! Starting election for term 779
[Node 1] Election finished with 1 votes (need 3).

[Node 1] Election timeout! Starting election for term 780
[Node 1] Election finished with 1 votes (need 3).

[Node 1] Election timeout! Starting election for term 781
[Node 1] Election finished with 1 votes (need 3).

[Node 1] Election timeout! Starting election for term 782
[Node 1] Election finished with 1 votes (need 3).

[Node 1] Election timeout! Starting election for term 783
[Node 1] Election finished with 1 votes (need 3).

[Node 1] Election timeout! Starting election for term 784
[Node 1] Election finished with 1 votes (need 3).

[Node 1] Election timeout! Starting election for term 785
[Node 1] Election finished with 1 votes (need 3).

[Node 1] Election timeout! Starting election for term 786
[Node 1] Election finished with 1 votes (need 3).

[Node 1] Election timeout! Starting election for term 787
[Node 1] Election finished with 1 votes (need 3).

[Node 1] Election timeout! Starting election for term 788
[Node 1] Election finished with 1 votes (need 3).

[Node 1] Election timeout! Starting election for term 789
[Node 1] Election finished with 1 votes (need 3).

[Node 1] Election timeout! Starting election for term 790
[Node 1] Election finished with 1 votes (need 3).

[Node 1] Election timeout! Starting election for term 791
[Node 1] Election finished with 1 votes (need 3).

[Node 1] Election timeout! Starting election for term 792
[Node 1] Election finished with 1 votes (need 3).

[Node 1] Election timeout! Starting election for term 793
[Node 1] Election finished with 1 votes (need 3).

[Node 1] Election timeout! Starting election for term 794
[Node 1] Election finished with 1 votes (need 3).

[Node 1] Election timeout! Starting election for term 795
[Node 1] Election finished with 1 votes (need 3).

[Node 1] Election timeout! Starting election for term 796
[Node 1] Election finished with 1 votes (need 3).

[Node 1] Election timeout! Starting election for term 797
[Node 1] Election finished with 1 votes (need 3).

[Node 1] Election timeout! Starting election for term 798
[Node 1] Election finished with 1 votes (need 3).

[Node 1] Election timeout! Starting election for term 799
[Node 1] Election finished with 1 votes (need 3).

[Node 1] Election timeout! Starting election for term 800
[Node 1] Election finished with 1 votes (need 3).

[Node 1] Election timeout! Starting election for term 801
[Node 1] Election finished with 1 votes (need 3).

[Node 1] Election timeout! Starting election for term 802
[Node 1] Election finished with 1 votes (need 3).

[Node 1] Election timeout! Starting election for term 803
[Node 1] Election finished with 1 votes (need 3).

[Node 1] Election timeout! Starting election for term 804
[Node 1] Election finished with 1 votes (need 3).

[Node 1] Election timeout! Starting election for term 805
[Node 1] Election finished with 1 votes (need 3).

[Node 1] Election timeout! Starting election for term 806
[Node 1] Election finished with 1 votes (need 3).

[Node 1] Election timeout! Starting election for term 807
[Node 1] Election finished with 1 votes (need 3).

[Node 1] Election timeout! Starting election for term 808
[Node 1] Election finished with 1 votes (need 3).

[Node 1] Election timeout! Starting election for term 809
[Node 1] Election finished with 1 votes (need 3).

[Node 1] Election timeout! Starting election for term 810
[Node 1] Election finished with 1 votes (need 3).

[Node 1] Election timeout! Starting election for term 811
[Node 1] Election finished with 1 votes (need 3).

[Node 1] Election timeout! Starting election for term 812
[Node 1] Election finished with 1 votes (need 3).

[Node 1] Election timeout! Starting election for term 813
[Node 1] Election finished with 1 votes (need 3).

[Node 1] Election timeout! Starting election for term 814
[Node 1] Election finished with 1 votes (need 3).

[Node 1] Election timeout! Starting election for term 815
[Node 1] Election finished with 1 votes (need 3).

[Node 1] Election timeout! Starting election for term 816
[Node 1] Election finished with 1 votes (need 3).

[Node 1] Election timeout! Starting election for term 817
[Node 1] Election finished with 1 votes (need 3).

[Node 1] Election timeout! Starting election for term 818
[Node 1] Election finished with 1 votes (need 3).

[Node 1] Election timeout! Starting election for term 819
[Node 1] Election finished with 1 votes (need 3).

[Node 1] Election timeout! Starting election for term 820
[Node 1] Election finished with 1 votes (need 3).

[Node 1] Election timeout! Starting election for term 821
[Node 1] Election finished with 1 votes (need 3).

[Node 1] Election timeout! Starting election for term 822
[Node 1] Election finished with 1 votes (need 3).

[Node 1] Election timeout! Starting election for term 823
[Node 1] Election finished with 1 votes (need 3).

[Node 1] Election timeout! Starting election for term 824
[Node 1] Election finished with 1 votes (need 3).

[Node 1] Election timeout! Starting election for term 825
[Node 1] Election finished with 1 votes (need 3).

[Node 1] Election timeout! Starting election for term 826
[Node 1] Election finished with 1 votes (need 3).

[Node 1] Election timeout! Starting election for term 827
[Node 1] Election finished with 1 votes (need 3).

[Node 1] Election timeout! Starting election for term 828
[Node 1] Election finished with 1 votes (need 3).

[Node 1] Election timeout! Starting election for term 829
[Node 1] Election finished with 1 votes (need 3).

[Node 1] Election timeout! Starting election for term 830
[Node 1] Election finished with 1 votes (need 3).

[Node 1] Election timeout! Starting election for term 831
[Node 1] Election finished with 1 votes (need 3).

[Node 1] Election timeout! Starting election for term 832
[Node 1] Election finished with 1 votes (need 3).

[Node 1] Election timeout! Starting election for term 833
[Node 1] Election finished with 1 votes (need 3).

[Node 1] Election timeout! Starting election for term 834
[Node 1] Election finished with 1 votes (need 3).

[Node 1] Election timeout! Starting election for term 835
[Node 1] Election finished with 1 votes (need 3).

[Node 1] Election timeout! Starting election for term 836
[Node 1] Election finished with 1 votes (need 3).

[Node 1] Election timeout! Starting election for term 837
[Node 1] Election finished with 1 votes (need 3).

[Node 1] Election timeout! Starting election for term 838
[Node 1] Election finished with 1 votes (need 3).

[Node 1] Election timeout! Starting election for term 839
[Node 1] Election finished with 1 votes (need 3).

[Node 1] Election timeout! Starting election for term 840
[Node 1] Election finished with 1 votes (need 3).

[Node 1] Election timeout! Starting election for term 841
[Node 1] Election finished with 1 votes (need 3).

[Node 1] Election timeout! Starting election for term 842
[Node 1] Election finished with 1 votes (need 3).

[Node 1] Election timeout! Starting election for term 843
[Node 1] Election finished with 1 votes (need 3).

[Node 1] Election timeout! Starting election for term 844
[Node 1] Election finished with 1 votes (need 3).

[Node 1] Election timeout! Starting election for term 845
[Node 1] Election finished with 1 votes (need 3).

[Node 1] Election timeout! Starting election for term 846
[Node 1] Election finished with 1 votes (need 3).

[Node 1] Election timeout! Starting election for term 847
[Node 1] Election finished with 1 votes (need 3).

[Node 1] Election timeout! Starting election for term 848
[Node 1] Election finished with 1 votes (need 3).

[Node 1] Election timeout! Starting election for term 849
[Node 1] Election finished with 1 votes (need 3).

[Node 1] Election timeout! Starting election for term 850
[Node 1] Election finished with 1 votes (need 3).

[Node 1] Election timeout! Starting election for term 851
[Node 1] Election finished with 1 votes (need 3).

[Node 1] Election timeout! Starting election for term 852
[Node 1] Election finished with 1 votes (need 3).

[Node 1] Election timeout! Starting election for term 853
[Node 1] Election finished with 1 votes (need 3).

[Node 1] Election timeout! Starting election for term 854
[Node 1] Election finished with 1 votes (need 3).

[Node 1] Election timeout! Starting election for term 855
[Node 1] Election finished with 1 votes (need 3).

[Node 1] Election timeout! Starting election for term 856
[Node 1] Election finished with 1 votes (need 3).

[Node 1] Election timeout! Starting election for term 857
[Node 1] Election finished with 1 votes (need 3).

[Node 1] Election timeout! Starting election for term 858
[Node 1] Election finished with 1 votes (need 3).

[Node 1] Election timeout! Starting election for term 859
[Node 1] Election finished with 1 votes (need 3).

[Node 1] Election timeout! Starting election for term 860
[Node 1] Election finished with 1 votes (need 3).

[Node 1] Election timeout! Starting election for term 861
[Node 1] Election finished with 1 votes (need 3).

[Node 1] Election timeout! Starting election for term 862
[Node 1] Election finished with 1 votes (need 3).

[Node 1] Election timeout! Starting election for term 863
[Node 1] Election finished with 1 votes (need 3).

[Node 1] Election timeout! Starting election for term 864
[Node 1] Election finished with 1 votes (need 3).

[Node 1] Election timeout! Starting election for term 865
[Node 1] Election finished with 1 votes (need 3).

[Node 1] Election timeout! Starting election for term 866
[Node 1] Election finished with 1 votes (need 3).

[Node 1] Election timeout! Starting election for term 867
[Node 1] Election finished with 1 votes (need 3).

[Node 1] Election timeout! Starting election for term 868
[Node 1] Election finished with 1 votes (need 3).

[Node 1] Election timeout! Starting election for term 869
[Node 1] Election finished with 1 votes (need 3).

[Node 1] Election timeout! Starting election for term 870
[Node 1] Election finished with 1 votes (need 3).

[Node 1] Election timeout! Starting election for term 871
[Node 1] Election finished with 1 votes (need 3).

[Node 1] Election timeout! Starting election for term 872
[Node 1] Election finished with 1 votes (need 3).

[Node 1] Election timeout! Starting election for term 873
[Node 1] Election finished with 1 votes (need 3).

[Node 1] Election timeout! Starting election for term 874
[Node 1] Election finished with 1 votes (need 3).

[Node 1] Election timeout! Starting election for term 875
[Node 1] Election finished with 1 votes (need 3).

[Node 1] Election timeout! Starting election for term 876
[Node 1] Election finished with 1 votes (need 3).

[Node 1] Election timeout! Starting election for term 877
[Node 1] Election finished with 1 votes (need 3).

[Node 1] Election timeout! Starting election for term 878
[Node 1] Election finished with 1 votes (need 3).

[Node 1] Election timeout! Starting election for term 879
[Node 1] Election finished with 1 votes (need 3).

[Node 1] Election timeout! Starting election for term 880
[Node 1] Election finished with 1 votes (need 3).

[Node 1] Election timeout! Starting election for term 881
[Node 1] Election finished with 1 votes (need 3).

[Node 1] Election timeout! Starting election for term 882
[Node 1] Election finished with 1 votes (need 3).

[Node 1] Election timeout! Starting election for term 883
[Node 1] Election finished with 1 votes (need 3).

[Node 1] Election timeout! Starting election for term 884
[Node 1] Election finished with 1 votes (need 3).

[Node 1] Election timeout! Starting election for term 885
[Node 1] Election finished with 1 votes (need 3).

[Node 1] Election timeout! Starting election for term 886
[Node 1] Election finished with 1 votes (need 3).

[Node 1] Election timeout! Starting election for term 887
[Node 1] Election finished with 1 votes (need 3).

[Node 1] Election timeout! Starting election for term 888
[Node 1] Election finished with 1 votes (need 3).

[Node 1] Election timeout! Starting election for term 889
[Node 1] Election finished with 1 votes (need 3).

[Node 1] Election timeout! Starting election for term 890
[Node 1] Election finished with 1 votes (need 3).

[Node 1] Election timeout! Starting election for term 891
[Node 1] Election finished with 1 votes (need 3).

[Node 1] Election timeout! Starting election for term 892
[Node 1] Election finished with 1 votes (need 3).

[Node 1] Election timeout! Starting election for term 893
[Node 1] Election finished with 1 votes (need 3).

[Node 1] Election timeout! Starting election for term 894
[Node 1] Election finished with 1 votes (need 3).

[Node 1] Election timeout! Starting election for term 895
[Node 1] Election finished with 1 votes (need 3).

[Node 1] Election timeout! Starting election for term 896
[Node 1] Election finished with 1 votes (need 3).

[Node 1] Election timeout! Starting election for term 897
[Node 1] Election finished with 1 votes (need 3).

[Node 1] Election timeout! Starting election for term 898
[Node 1] Election finished with 1 votes (need 3).

[Node 1] Election timeout! Starting election for term 899
[Node 1] Election finished with 1 votes (need 3).

[Node 1] Election timeout! Starting election for term 900
[Node 1] Election finished with 1 votes (need 3).

[Node 1] Election timeout! Starting election for term 901
[Node 1] Election finished with 1 votes (need 3).

[Node 1] Election timeout! Starting election for term 902
[Node 1] Election finished with 1 votes (need 3).

[Node 1] Election timeout! Starting election for term 903
[Node 1] Election finished with 1 votes (need 3).

[Node 1] Election timeout! Starting election for term 904
[Node 1] Election finished with 1 votes (need 3).

[Node 1] Election timeout! Starting election for term 905
[Node 1] Election finished with 1 votes (need 3).

[Node 1] Election timeout! Starting election for term 906
[Node 1] Election finished with 1 votes (need 3).

[Node 1] Election timeout! Starting election for term 907
[Node 1] Election finished with 1 votes (need 3).

[Node 1] Election timeout! Starting election for term 908
[Node 1] Election finished with 1 votes (need 3).

[Node 1] Election timeout! Starting election for term 909
[Node 1] Election finished with 1 votes (need 3).

[Node 1] Election timeout! Starting election for term 910
[Node 1] Election finished with 1 votes (need 3).

[Node 1] Election timeout! Starting election for term 911
[Node 1] Election finished with 1 votes (need 3).

[Node 1] Election timeout! Starting election for term 912
[Node 1] Election finished with 1 votes (need 3).

[Node 1] Election timeout! Starting election for term 913
[Node 1] Election finished with 1 votes (need 3).

[Node 1] Election timeout! Starting election for term 914
[Node 1] Election finished with 1 votes (need 3).

[Node 1] Election timeout! Starting election for term 915
[Node 1] Election finished with 1 votes (need 3).

[Node 1] Election timeout! Starting election for term 916
[Node 1] Election finished with 1 votes (need 3).

[Node 1] Election timeout! Starting election for term 917
[Node 1] Election finished with 1 votes (need 3).

[Node 1] Election timeout! Starting election for term 918
[Node 1] Election finished with 1 votes (need 3).

[Node 1] Election timeout! Starting election for term 919
[Node 1] Election finished with 1 votes (need 3).

[Node 1] Election timeout! Starting election for term 920
[Node 1] Election finished with 1 votes (need 3).

[Node 1] Election timeout! Starting election for term 921
[Node 1] Election finished with 1 votes (need 3).

[Node 1] Election timeout! Starting election for term 922
[Node 1] Election finished with 1 votes (need 3).

[Node 1] Election timeout! Starting election for term 923
[Node 1] Election finished with 1 votes (need 3).

[Node 1] Election timeout! Starting election for term 924
[Node 1] Election finished with 1 votes (need 3).

[Node 1] Election timeout! Starting election for term 925
[Node 1] Election finished with 1 votes (need 3).

[Node 1] Election timeout! Starting election for term 926
[Node 1] Election finished with 1 votes (need 3).

[Node 1] Election timeout! Starting election for term 927
[Node 1] Election finished with 1 votes (need 3).

[Node 1] Election timeout! Starting election for term 928
[Node 1] Election finished with 1 votes (need 3).

[Node 1] Election timeout! Starting election for term 929
[Node 1] Election finished with 1 votes (need 3).

[Node 1] Election timeout! Starting election for term 930
[Node 1] Election finished with 1 votes (need 3).

[Node 1] Election timeout! Starting election for term 931
[Node 1] Election finished with 1 votes (need 3).

[Node 1] Election timeout! Starting election for term 932
[Node 1] Election finished with 1 votes (need 3).

[Node 1] Election timeout! Starting election for term 933
[Node 1] Election finished with 1 votes (need 3).

[Node 1] Election timeout! Starting election for term 934
[Node 1] Election finished with 1 votes (need 3).

[Node 1] Election timeout! Starting election for term 935
[Node 1] Election finished with 1 votes (need 3).

[Node 1] Election timeout! Starting election for term 936
[Node 1] Election finished with 1 votes (need 3).

[Node 1] Election timeout! Starting election for term 937
[Node 1] Election finished with 1 votes (need 3).

[Node 1] Election timeout! Starting election for term 938
[Node 1] Election finished with 1 votes (need 3).

[Node 1] Election timeout! Starting election for term 939
[Node 1] Election finished with 1 votes (need 3).

[Node 1] Election timeout! Starting election for term 940
[Node 1] Election finished with 1 votes (need 3).

[Node 1] Election timeout! Starting election for term 941
[Node 1] Election finished with 1 votes (need 3).

[Node 1] Election timeout! Starting election for term 942
[Node 1] Election finished with 1 votes (need 3).

[Node 1] Election timeout! Starting election for term 943
[Node 1] Election finished with 1 votes (need 3).

[Node 1] Election timeout! Starting election for term 944
[Node 1] Election finished with 1 votes (need 3).

[Node 1] Election timeout! Starting election for term 945
[Node 1] Election finished with 1 votes (need 3).

[Node 1] Election timeout! Starting election for term 946
[Node 1] Election finished with 1 votes (need 3).

[Node 1] Election timeout! Starting election for term 947
[Node 1] Election finished with 1 votes (need 3).

[Node 1] Election timeout! Starting election for term 948
[Node 1] Election finished with 1 votes (need 3).

[Node 1] Election timeout! Starting election for term 949
[Node 1] Election finished with 1 votes (need 3).

[Node 1] Election timeout! Starting election for term 950
[Node 1] Election finished with 1 votes (need 3).

[Node 1] Election timeout! Starting election for term 951
[Node 1] Election finished with 1 votes (need 3).

[Node 1] Election timeout! Starting election for term 952
[Node 1] Election finished with 1 votes (need 3).

[Node 1] Election timeout! Starting election for term 953
[Node 1] Election finished with 1 votes (need 3).

[Node 1] Election timeout! Starting election for term 954
[Node 1] Election finished with 1 votes (need 3).

[Node 1] Election timeout! Starting election for term 955
[Node 1] Election finished with 1 votes (need 3).

[Node 1] Election timeout! Starting election for term 956
[Node 1] Election finished with 1 votes (need 3).

[Node 1] Election timeout! Starting election for term 957
[Node 1] Election finished with 1 votes (need 3).

[Node 1] Election timeout! Starting election for term 958
[Node 1] Election finished with 1 votes (need 3).

[Node 1] Election timeout! Starting election for term 959
[Node 1] Election finished with 1 votes (need 3).

[Node 1] Election timeout! Starting election for term 960
[Node 1] Election finished with 1 votes (need 3).

[Node 1] Election timeout! Starting election for term 961
[Node 1] Election finished with 1 votes (need 3).

[Node 1] Election timeout! Starting election for term 962
[Node 1] Election finished with 1 votes (need 3).

[Node 1] Election timeout! Starting election for term 963
[Node 1] Election finished with 1 votes (need 3).

[Node 1] Election timeout! Starting election for term 964
[Node 1] Election finished with 1 votes (need 3).

[Node 1] Election timeout! Starting election for term 965
[Node 1] Election finished with 1 votes (need 3).

[Node 1] Election timeout! Starting election for term 966
[Node 1] Election finished with 1 votes (need 3).

[Node 1] Election timeout! Starting election for term 967
[Node 1] Election finished with 1 votes (need 3).

[Node 1] Election timeout! Starting election for term 968
[Node 1] Election finished with 1 votes (need 3).

[Node 1] Election timeout! Starting election for term 969
[Node 1] Election finished with 1 votes (need 3).

[Node 1] Election timeout! Starting election for term 970
[Node 1] Election finished with 1 votes (need 3).

[Node 1] Election timeout! Starting election for term 971
[Node 1] Election finished with 1 votes (need 3).

[Node 1] Election timeout! Starting election for term 972
[Node 1] Election finished with 1 votes (need 3).

[Node 1] Election timeout! Starting election for term 973
[Node 1] Election finished with 1 votes (need 3).

[Node 1] Election timeout! Starting election for term 974
[Node 1] Election finished with 1 votes (need 3).

[Node 1] Election timeout! Starting election for term 975
[Node 1] Election finished with 1 votes (need 3).

[Node 1] Election timeout! Starting election for term 976
[Node 1] Election finished with 1 votes (need 3).

[Node 1] Election timeout! Starting election for term 977
[Node 1] Election finished with 1 votes (need 3).

[Node 1] Election timeout! Starting election for term 978
[Node 1] Election finished with 1 votes (need 3).

[Node 1] Election timeout! Starting election for term 979
[Node 1] Election finished with 1 votes (need 3).

[Node 1] Election timeout! Starting election for term 980
[Node 1] Election finished with 1 votes (need 3).

[Node 1] Election timeout! Starting election for term 981
[Node 1] Election finished with 1 votes (need 3).

[Node 1] Election timeout! Starting election for term 982
[Node 1] Election finished with 1 votes (need 3).

[Node 1] Election timeout! Starting election for term 983
[Node 1] Election finished with 1 votes (need 3).

[Node 1] Election timeout! Starting election for term 984
[Node 1] Election finished with 1 votes (need 3).

[Node 1] Election timeout! Starting election for term 985
[Node 1] Election finished with 1 votes (need 3).

[Node 1] Election timeout! Starting election for term 986
[Node 1] Election finished with 1 votes (need 3).

[Node 1] Election timeout! Starting election for term 987
[Node 1] Election finished with 1 votes (need 3).

[Node 1] Election timeout! Starting election for term 988
[Node 1] Election finished with 1 votes (need 3).

[Node 1] Election timeout! Starting election for term 989
[Node 1] Election finished with 1 votes (need 3).

[Node 1] Election timeout! Starting election for term 990
[Node 1] Election finished with 1 votes (need 3).

[Node 1] Election timeout! Starting election for term 991
[Node 1] Election finished with 1 votes (need 3).

[Node 1] Election timeout! Starting election for term 992
[Node 1] Election finished with 1 votes (need 3).

[Node 1] Election timeout! Starting election for term 993
[Node 1] Election finished with 1 votes (need 3).

[Node 1] Election timeout! Starting election for term 994
[Node 1] Election finished with 1 votes (need 3).

[Node 1] Election timeout! Starting election for term 995
[Node 1] Election finished with 1 votes (need 3).

[Node 1] Election timeout! Starting election for term 996
[Node 1] Election finished with 1 votes (need 3).

[Node 1] Election timeout! Starting election for term 997
[Node 1] Election finished with 1 votes (need 3).

[Node 1] Election timeout! Starting election for term 998
[Node 1] Election finished with 1 votes (need 3).

[Node 1] Election timeout! Starting election for term 999
[Node 1] Election finished with 1 votes (need 3).

[Node 1] Election timeout! Starting election for term 1000
[Node 1] Election finished with 1 votes (need 3).

[Node 1] Election timeout! Starting election for term 1001
[Node 1] Election finished with 1 votes (need 3).

[Node 1] Election timeout! Starting election for term 1002
[Node 1] Election finished with 1 votes (need 3).

[Node 1] Election timeout! Starting election for term 1003
[Node 1] Election finished with 1 votes (need 3).

[Node 1] Election timeout! Starting election for term 1004
[Node 1] Election finished with 1 votes (need 3).

[Node 1] Election timeout! Starting election for term 1005
[Node 1] Election finished with 1 votes (need 3).

[Node 1] Election timeout! Starting election for term 1006
[Node 1] Election finished with 1 votes (need 3).

[Node 1] Election timeout! Starting election for term 1007
[Node 1] Election finished with 1 votes (need 3).

[Node 1] Election timeout! Starting election for term 1008
[Node 1] Election finished with 1 votes (need 3).

[Node 1] Election timeout! Starting election for term 1009
[Node 1] Election finished with 1 votes (need 3).

[Node 1] Election timeout! Starting election for term 1010
[Node 1] Election finished with 1 votes (need 3).

[Node 1] Election timeout! Starting election for term 1011
[Node 1] Election finished with 1 votes (need 3).

[Node 1] Election timeout! Starting election for term 1012
[Node 1] Election finished with 1 votes (need 3).

[Node 1] Election timeout! Starting election for term 1013
[Node 1] Election finished with 1 votes (need 3).

[Node 1] Election timeout! Starting election for term 1014
[Node 1] Election finished with 1 votes (need 3).

[Node 1] Election timeout! Starting election for term 1015
[Node 1] Election finished with 1 votes (need 3).

[Node 1] Election timeout! Starting election for term 1016
[Node 1] Election finished with 1 votes (need 3).

[Node 1] Election timeout! Starting election for term 1017
[Node 1] Election finished with 1 votes (need 3).

[Node 1] Election timeout! Starting election for term 1018
[Node 1] Election finished with 1 votes (need 3).

[Node 1] Election timeout! Starting election for term 1019
[Node 1] Election finished with 1 votes (need 3).

[Node 1] Election timeout! Starting election for term 1020
[Node 1] Election finished with 1 votes (need 3).

[Node 1] Election timeout! Starting election for term 1021
[Node 1] Election finished with 1 votes (need 3).

[Node 1] Election timeout! Starting election for term 1022
[Node 1] Election finished with 1 votes (need 3).

[Node 1] Election timeout! Starting election for term 1023
[Node 1] Election finished with 1 votes (need 3).

[Node 1] Election timeout! Starting election for term 1024
[Node 1] Election finished with 1 votes (need 3).

[Node 1] Election timeout! Starting election for term 1025
[Node 1] Election finished with 1 votes (need 3).

[Node 1] Election timeout! Starting election for term 1026
[Node 1] Election finished with 1 votes (need 3).

[Node 1] Election timeout! Starting election for term 1027
[Node 1] Election finished with 1 votes (need 3).

[Node 1] Election timeout! Starting election for term 1028
[Node 1] Election finished with 1 votes (need 3).

[Node 1] Election timeout! Starting election for term 1029
[Node 1] Election finished with 1 votes (need 3).

[Node 1] Election timeout! Starting election for term 1030
[Node 1] Election finished with 1 votes (need 3).

[Node 1] Election timeout! Starting election for term 1031
[Node 1] Election finished with 1 votes (need 3).

[Node 1] Election timeout! Starting election for term 1032
[Node 1] Election finished with 1 votes (need 3).

[Node 1] Election timeout! Starting election for term 1033
[Node 1] Election finished with 1 votes (need 3).

[Node 1] Election timeout! Starting election for term 1034
[Node 1] Election finished with 1 votes (need 3).

[Node 1] Election timeout! Starting election for term 1035
[Node 1] Election finished with 1 votes (need 3).

[Node 1] Election timeout! Starting election for term 1036
[Node 1] Election finished with 1 votes (need 3).

[Node 1] Election timeout! Starting election for term 1037
[Node 1] Election finished with 1 votes (need 3).

[Node 1] Election timeout! Starting election for term 1038
[Node 1] Election finished with 1 votes (need 3).

[Node 1] Election timeout! Starting election for term 1039
[Node 1] Election finished with 1 votes (need 3).

[Node 1] Election timeout! Starting election for term 1040
[Node 1] Election finished with 1 votes (need 3).

[Node 1] Election timeout! Starting election for term 1041
[Node 1] Election finished with 1 votes (need 3).

[Node 1] Election timeout! Starting election for term 1042
[Node 1] Election finished with 1 votes (need 3).

[Node 1] Election timeout! Starting election for term 1043
[Node 1] Election finished with 1 votes (need 3).

[Node 1] Election timeout! Starting election for term 1044
[Node 1] Election finished with 1 votes (need 3).

[Node 1] Election timeout! Starting election for term 1045
[Node 1] Election finished with 1 votes (need 3).

[Node 1] Election timeout! Starting election for term 1046
[Node 1] Election finished with 1 votes (need 3).

[Node 1] Election timeout! Starting election for term 1047
[Node 1] Election finished with 1 votes (need 3).

[Node 1] Election timeout! Starting election for term 1048
[Node 1] Election finished with 1 votes (need 3).

[Node 1] Election timeout! Starting election for term 1049
[Node 1] Election finished with 1 votes (need 3).

[Node 1] Election timeout! Starting election for term 1050
[Node 1] Election finished with 1 votes (need 3).

[Node 1] Election timeout! Starting election for term 1051
[Node 1] Election finished with 1 votes (need 3).

[Node 1] Election timeout! Starting election for term 1052
[Node 1] Election finished with 1 votes (need 3).

[Node 1] Election timeout! Starting election for term 1053
[Node 1] Election finished with 1 votes (need 3).

[Node 1] Election timeout! Starting election for term 1054
[Node 1] Election finished with 1 votes (need 3).

[Node 1] Election timeout! Starting election for term 1055
[Node 1] Election finished with 1 votes (need 3).

[Node 1] Election timeout! Starting election for term 1056
[Node 1] Election finished with 1 votes (need 3).

[Node 1] Election timeout! Starting election for term 1057
[Node 1] Election finished with 1 votes (need 3).

[Node 1] Election timeout! Starting election for term 1058
[Node 1] Election finished with 1 votes (need 3).

[Node 1] Election timeout! Starting election for term 1059
[Node 1] Election finished with 1 votes (need 3).

[Node 1] Election timeout! Starting election for term 1060
[Node 1] Election finished with 1 votes (need 3).

[Node 1] Election timeout! Starting election for term 1061
[Node 1] Election finished with 1 votes (need 3).

[Node 1] Election timeout! Starting election for term 1062
[Node 1] Election finished with 1 votes (need 3).

[Node 1] Election timeout! Starting election for term 1063
[Node 1] Election finished with 1 votes (need 3).

[Node 1] Election timeout! Starting election for term 1064
[Node 1] Election finished with 1 votes (need 3).

[Node 1] Election timeout! Starting election for term 1065
[Node 1] Election finished with 1 votes (need 3).

[Node 1] Election timeout! Starting election for term 1066
[Node 1] Election finished with 1 votes (need 3).

[Node 1] Election timeout! Starting election for term 1067
[Node 1] Election finished with 1 votes (need 3).

[Node 1] Election timeout! Starting election for term 1068
[Node 1] Election finished with 1 votes (need 3).

[Node 1] Election timeout! Starting election for term 1069
[Node 1] Election finished with 1 votes (need 3).

[Node 1] Election timeout! Starting election for term 1070
[Node 1] Election finished with 1 votes (need 3).

[Node 1] Election timeout! Starting election for term 1071
[Node 1] Election finished with 1 votes (need 3).

[Node 1] Election timeout! Starting election for term 1072
[Node 1] Election finished with 1 votes (need 3).

[Node 1] Election timeout! Starting election for term 1073
[Node 1] Election finished with 1 votes (need 3).

[Node 1] Election timeout! Starting election for term 1074
[Node 1] Election finished with 1 votes (need 3).

[Node 1] Election timeout! Starting election for term 1075
[Node 1] Election finished with 1 votes (need 3).

[Node 1] Election timeout! Starting election for term 1076
[Node 1] Election finished with 1 votes (need 3).

[Node 1] Election timeout! Starting election for term 1077
[Node 1] Election finished with 1 votes (need 3).

[Node 1] Election timeout! Starting election for term 1078
[Node 1] Election finished with 1 votes (need 3).

[Node 1] Election timeout! Starting election for term 1079
[Node 1] Election finished with 1 votes (need 3).

[Node 1] Election timeout! Starting election for term 1080
[Node 1] Election finished with 1 votes (need 3).

[Node 1] Election timeout! Starting election for term 1081
[Node 1] Election finished with 1 votes (need 3).

[Node 1] Election timeout! Starting election for term 1082
[Node 1] Election finished with 1 votes (need 3).

[Node 1] Election timeout! Starting election for term 1083
[Node 1] Election finished with 1 votes (need 3).

[Node 1] Election timeout! Starting election for term 1084
[Node 1] Election finished with 1 votes (need 3).

[Node 1] Election timeout! Starting election for term 1085
[Node 1] Election finished with 1 votes (need 3).

[Node 1] Election timeout! Starting election for term 1086
[Node 1] Election finished with 1 votes (need 3).

[Node 1] Election timeout! Starting election for term 1087
[Node 1] Election finished with 1 votes (need 3).

[Node 1] Election timeout! Starting election for term 1088
[Node 1] Election finished with 1 votes (need 3).

[Node 1] Election timeout! Starting election for term 1089
[Node 1] Election finished with 1 votes (need 3).

[Node 1] Election timeout! Starting election for term 1090
[Node 1] Election finished with 1 votes (need 3).

[Node 1] Election timeout! Starting election for term 1091
[Node 1] Election finished with 1 votes (need 3).

[Node 1] Election timeout! Starting election for term 1092
[Node 1] Election finished with 1 votes (need 3).

[Node 1] Election timeout! Starting election for term 1093
[Node 1] Election finished with 1 votes (need 3).

[Node 1] Election timeout! Starting election for term 1094
[Node 1] Election finished with 1 votes (need 3).

[Node 1] Election timeout! Starting election for term 1095
[Node 1] Election finished with 1 votes (need 3).

[Node 1] Election timeout! Starting election for term 1096
[Node 1] Election finished with 1 votes (need 3).

[Node 1] Election timeout! Starting election for term 1097
[Node 1] Election finished with 1 votes (need 3).

[Node 1] Election timeout! Starting election for term 1098
[Node 1] Election finished with 1 votes (need 3).

[Node 1] Election timeout! Starting election for term 1099
[Node 1] Election finished with 1 votes (need 3).

[Node 1] Election timeout! Starting election for term 1100
[Node 1] Election finished with 1 votes (need 3).

[Node 1] Election timeout! Starting election for term 1101
[Node 1] Election finished with 1 votes (need 3).

[Node 1] Election timeout! Starting election for term 1102
[Node 1] Election finished with 1 votes (need 3).

[Node 1] Election timeout! Starting election for term 1103
[Node 1] Election finished with 1 votes (need 3).

[Node 1] Election timeout! Starting election for term 1104
[Node 1] Election finished with 1 votes (need 3).

[Node 1] Election timeout! Starting election for term 1105
[Node 1] Election finished with 1 votes (need 3).

[Node 1] Election timeout! Starting election for term 1106
[Node 1] Election finished with 1 votes (need 3).

[Node 1] Election timeout! Starting election for term 1107
[Node 1] Election finished with 1 votes (need 3).

[Node 1] Election timeout! Starting election for term 1108
[Node 1] Election finished with 1 votes (need 3).

[Node 1] Election timeout! Starting election for term 1109
[Node 1] Election finished with 1 votes (need 3).

[Node 1] Election timeout! Starting election for term 1110
[Node 1] Election finished with 1 votes (need 3).

[Node 1] Election timeout! Starting election for term 1111
[Node 1] Election finished with 1 votes (need 3).

[Node 1] Election timeout! Starting election for term 1112
[Node 1] Election finished with 1 votes (need 3).

[Node 1] Election timeout! Starting election for term 1113
[Node 1] Election finished with 1 votes (need 3).

[Node 1] Election timeout! Starting election for term 1114
[Node 1] Election finished with 1 votes (need 3).

[Node 1] Election timeout! Starting election for term 1115
[Node 1] Election finished with 1 votes (need 3).

[Node 1] Election timeout! Starting election for term 1116
[Node 1] Election finished with 1 votes (need 3).

[Node 1] Election timeout! Starting election for term 1117
[Node 1] Election finished with 1 votes (need 3).

[Node 1] Election timeout! Starting election for term 1118
[Node 1] Election finished with 1 votes (need 3).

[Node 1] Election timeout! Starting election for term 1119
[Node 1] Election finished with 1 votes (need 3).

[Node 1] Election timeout! Starting election for term 1120
[Node 1] Election finished with 1 votes (need 3).

[Node 1] Election timeout! Starting election for term 1121
[Node 1] Election finished with 1 votes (need 3).

[Node 1] Election timeout! Starting election for term 1122
[Node 1] Election finished with 1 votes (need 3).

[Node 1] Election timeout! Starting election for term 1123
[Node 1] Election finished with 1 votes (need 3).

[Node 1] Election timeout! Starting election for term 1124
[Node 1] Election finished with 1 votes (need 3).

[Node 1] Election timeout! Starting election for term 1125
[Node 1] Election finished with 1 votes (need 3).

[Node 1] Election timeout! Starting election for term 1126
[Node 1] Election finished with 1 votes (need 3).

[Node 1] Election timeout! Starting election for term 1127
[Node 1] Election finished with 1 votes (need 3).

[Node 1] Election timeout! Starting election for term 1128
[Node 1] Election finished with 1 votes (need 3).

[Node 1] Election timeout! Starting election for term 1129
[Node 1] Election finished with 1 votes (need 3).

[Node 1] Election timeout! Starting election for term 1130
[Node 1] Election finished with 1 votes (need 3).

[Node 1] Election timeout! Starting election for term 1131
[Node 1] Election finished with 1 votes (need 3).

[Node 1] Election timeout! Starting election for term 1132
[Node 1] Election finished with 1 votes (need 3).

[Node 1] Election timeout! Starting election for term 1133
[Node 1] Election finished with 1 votes (need 3).

[Node 1] Election timeout! Starting election for term 1134
[Node 1] Election finished with 1 votes (need 3).

[Node 1] Election timeout! Starting election for term 1135
[Node 1] Election finished with 1 votes (need 3).

[Node 1] Election timeout! Starting election for term 1136
[Node 1] Election finished with 1 votes (need 3).

[Node 1] Election timeout! Starting election for term 1137
[Node 1] Election finished with 1 votes (need 3).

[Node 1] Election timeout! Starting election for term 1138
[Node 1] Election finished with 1 votes (need 3).

[Node 1] Election timeout! Starting election for term 1139
[Node 1] Election finished with 1 votes (need 3).

[Node 1] Election timeout! Starting election for term 1140
[Node 1] Election finished with 1 votes (need 3).

[Node 1] Election timeout! Starting election for term 1141
[Node 1] Election finished with 1 votes (need 3).

[Node 1] Election timeout! Starting election for term 1142
[Node 1] Election finished with 1 votes (need 3).

[Node 1] Election timeout! Starting election for term 1143
[Node 1] Election finished with 1 votes (need 3).

[Node 1] Election timeout! Starting election for term 1144
[Node 1] Election finished with 1 votes (need 3).

[Node 1] Election timeout! Starting election for term 1145
[Node 1] Election finished with 1 votes (need 3).

[Node 1] Election timeout! Starting election for term 1146
[Node 1] Election finished with 1 votes (need 3).

[Node 1] Election timeout! Starting election for term 1147
[Node 1] Election finished with 1 votes (need 3).

[Node 1] Election timeout! Starting election for term 1148
[Node 1] Election finished with 1 votes (need 3).

[Node 1] Election timeout! Starting election for term 1149
[Node 1] Election finished with 1 votes (need 3).

[Node 1] Election timeout! Starting election for term 1150
[Node 1] Election finished with 1 votes (need 3).

[Node 1] Election timeout! Starting election for term 1151
[Node 1] Election finished with 1 votes (need 3).

[Node 1] Election timeout! Starting election for term 1152
[Node 1] Election finished with 1 votes (need 3).

[Node 1] Election timeout! Starting election for term 1153
[Node 1] Election finished with 1 votes (need 3).

[Node 1] Election timeout! Starting election for term 1154
[Node 1] Election finished with 1 votes (need 3).

[Node 1] Election timeout! Starting election for term 1155
[Node 1] Election finished with 1 votes (need 3).

[Node 1] Election timeout! Starting election for term 1156
[Node 1] Election finished with 1 votes (need 3).

[Node 1] Election timeout! Starting election for term 1157
[Node 1] Election finished with 1 votes (need 3).

[Node 1] Election timeout! Starting election for term 1158
[Node 1] Election finished with 1 votes (need 3).

[Node 1] Election timeout! Starting election for term 1159
[Node 1] Election finished with 1 votes (need 3).

[Node 1] Election timeout! Starting election for term 1160
[Node 1] Election finished with 1 votes (need 3).

[Node 1] Election timeout! Starting election for term 1161
[Node 1] Election finished with 1 votes (need 3).

[Node 1] Election timeout! Starting election for term 1162
[Node 1] Election finished with 1 votes (need 3).

[Node 1] Election timeout! Starting election for term 1163
[Node 1] Election finished with 1 votes (need 3).

[Node 1] Election timeout! Starting election for term 1164
[Node 1] Election finished with 1 votes (need 3).

[Node 1] Election timeout! Starting election for term 1165
[Node 1] Election finished with 1 votes (need 3).

[Node 1] Election timeout! Starting election for term 1166
[Node 1] Election finished with 1 votes (need 3).

[Node 1] Election timeout! Starting election for term 1167
[Node 1] Election finished with 1 votes (need 3).

[Node 1] Election timeout! Starting election for term 1168
[Node 1] Election finished with 1 votes (need 3).

[Node 1] Election timeout! Starting election for term 1169
[Node 1] Election finished with 1 votes (need 3).

[Node 1] Election timeout! Starting election for term 1170
[Node 1] Election finished with 1 votes (need 3).

[Node 1] Election timeout! Starting election for term 1171
[Node 1] Election finished with 1 votes (need 3).

[Node 1] Election timeout! Starting election for term 1172
[Node 1] Election finished with 1 votes (need 3).

[Node 1] Election timeout! Starting election for term 1173
[Node 1] Election finished with 1 votes (need 3).

[Node 1] Election timeout! Starting election for term 1174
[Node 1] Election finished with 1 votes (need 3).

[Node 1] Election timeout! Starting election for term 1175
[Node 1] Election finished with 1 votes (need 3).

[Node 1] Election timeout! Starting election for term 1176
[Node 1] Election finished with 1 votes (need 3).

[Node 1] Election timeout! Starting election for term 1177
[Node 1] Election finished with 1 votes (need 3).

[Node 1] Election timeout! Starting election for term 1178
[Node 1] Election finished with 1 votes (need 3).

[Node 1] Election timeout! Starting election for term 1179
[Node 1] Election finished with 1 votes (need 3).

[Node 1] Election timeout! Starting election for term 1180
[Node 1] Election finished with 1 votes (need 3).

[Node 1] Election timeout! Starting election for term 1181
[Node 1] Election finished with 1 votes (need 3).

[Node 1] Election timeout! Starting election for term 1182
[Node 1] Election finished with 1 votes (need 3).

[Node 1] Election timeout! Starting election for term 1183
[Node 1] Election finished with 1 votes (need 3).

[Node 1] Election timeout! Starting election for term 1184
[Node 1] Election finished with 1 votes (need 3).

[Node 1] Election timeout! Starting election for term 1185
[Node 1] Election finished with 1 votes (need 3).

[Node 1] Election timeout! Starting election for term 1186
[Node 1] Election finished with 1 votes (need 3).

[Node 1] Election timeout! Starting election for term 1187
[Node 1] Election finished with 1 votes (need 3).

[Node 1] Election timeout! Starting election for term 1188
[Node 1] Election finished with 1 votes (need 3).

[Node 1] Election timeout! Starting election for term 1189
[Node 1] Election finished with 1 votes (need 3).

[Node 1] Election timeout! Starting election for term 1190
[Node 1] Election finished with 1 votes (need 3).

[Node 1] Election timeout! Starting election for term 1191
[Node 1] Election finished with 1 votes (need 3).

[Node 1] Election timeout! Starting election for term 1192
[Node 1] Election finished with 1 votes (need 3).

[Node 1] Election timeout! Starting election for term 1193
[Node 1] Election finished with 1 votes (need 3).

[Node 1] Election timeout! Starting election for term 1194
[Node 1] Election finished with 1 votes (need 3).

[Node 1] Election timeout! Starting election for term 1195
[Node 1] Election finished with 1 votes (need 3).

[Node 1] Election timeout! Starting election for term 1196
[Node 1] Election finished with 1 votes (need 3).

[Node 1] Election timeout! Starting election for term 1197
[Node 1] Election finished with 1 votes (need 3).

[Node 1] Election timeout! Starting election for term 1198
[Node 1] Election finished with 1 votes (need 3).

[Node 1] Election timeout! Starting election for term 1199
[Node 1] Election finished with 1 votes (need 3).

[Node 1] Election timeout! Starting election for term 1200
[Node 1] Election finished with 1 votes (need 3).

[Node 1] Election timeout! Starting election for term 1201
[Node 1] Election finished with 1 votes (need 3).

[Node 1] Election timeout! Starting election for term 1202
[Node 1] Election finished with 1 votes (need 3).

[Node 1] Election timeout! Starting election for term 1203
[Node 1] Election finished with 1 votes (need 3).

[Node 1] Election timeout! Starting election for term 1204
[Node 1] Election finished with 1 votes (need 3).

[Node 1] Election timeout! Starting election for term 1205
[Node 1] Election finished with 1 votes (need 3).

[Node 1] Election timeout! Starting election for term 1206
[Node 1] Election finished with 1 votes (need 3).

[Node 1] Election timeout! Starting election for term 1207
[Node 1] Election finished with 1 votes (need 3).

[Node 1] Election timeout! Starting election for term 1208
[Node 1] Election finished with 1 votes (need 3).

[Node 1] Election timeout! Starting election for term 1209
[Node 1] Election finished with 1 votes (need 3).

[Node 1] Election timeout! Starting election for term 1210
[Node 1] Election finished with 1 votes (need 3).

[Node 1] Election timeout! Starting election for term 1211
[Node 1] Election finished with 1 votes (need 3).

[Node 1] Election timeout! Starting election for term 1212
[Node 1] Election finished with 1 votes (need 3).

[Node 1] Election timeout! Starting election for term 1213
[Node 1] Election finished with 1 votes (need 3).

[Node 1] Election timeout! Starting election for term 1214
[Node 1] Election finished with 1 votes (need 3).

[Node 1] Election timeout! Starting election for term 1215
[Node 1] Election finished with 1 votes (need 3).

[Node 1] Election timeout! Starting election for term 1216
[Node 1] Election finished with 1 votes (need 3).

[Node 1] Election timeout! Starting election for term 1217
[Node 1] Election finished with 1 votes (need 3).

[Node 1] Election timeout! Starting election for term 1218
[Node 1] Election finished with 1 votes (need 3).

[Node 1] Election timeout! Starting election for term 1219
[Node 1] Election finished with 1 votes (need 3).

[Node 1] Election timeout! Starting election for term 1220
[Node 1] Election finished with 1 votes (need 3).

[Node 1] Election timeout! Starting election for term 1221
[Node 1] Election finished with 1 votes (need 3).

[Node 1] Election timeout! Starting election for term 1222
[Node 1] Election finished with 1 votes (need 3).

[Node 1] Election timeout! Starting election for term 1223
[Node 1] Election finished with 1 votes (need 3).

[Node 1] Election timeout! Starting election for term 1224
[Node 1] Election finished with 1 votes (need 3).

[Node 1] Election timeout! Starting election for term 1225
[Node 1] Election finished with 1 votes (need 3).

[Node 1] Election timeout! Starting election for term 1226
[Node 1] Election finished with 1 votes (need 3).

[Node 1] Election timeout! Starting election for term 1227
[Node 1] Election finished with 1 votes (need 3).

[Node 1] Election timeout! Starting election for term 1228
[Node 1] Election finished with 1 votes (need 3).

[Node 1] Election timeout! Starting election for term 1229
[Node 1] Election finished with 1 votes (need 3).

[Node 1] Election timeout! Starting election for term 1230
[Node 1] Election finished with 1 votes (need 3).

[Node 1] Election timeout! Starting election for term 1231
[Node 1] Election finished with 1 votes (need 3).

[Node 1] Election timeout! Starting election for term 1232
[Node 1] Election finished with 1 votes (need 3).

[Node 1] Election timeout! Starting election for term 1233
[Node 1] Election finished with 1 votes (need 3).

[Node 1] Election timeout! Starting election for term 1234
[Node 1] Election finished with 1 votes (need 3).

[Node 1] Election timeout! Starting election for term 1235
[Node 1] Election finished with 1 votes (need 3).

[Node 1] Election timeout! Starting election for term 1236
[Node 1] Election finished with 1 votes (need 3).

[Node 1] Election timeout! Starting election for term 1237
[Node 1] Election finished with 1 votes (need 3).

[Node 1] Election timeout! Starting election for term 1238
[Node 1] Election finished with 1 votes (need 3).

[Node 1] Election timeout! Starting election for term 1239
[Node 1] Election finished with 1 votes (need 3).

[Node 1] Election timeout! Starting election for term 1240
[Node 1] Election finished with 1 votes (need 3).

[Node 1] Election timeout! Starting election for term 1241
[Node 1] Election finished with 1 votes (need 3).

[Node 1] Election timeout! Starting election for term 1242
[Node 1] Election finished with 1 votes (need 3).

[Node 1] Election timeout! Starting election for term 1243
[Node 1] Election finished with 1 votes (need 3).

[Node 1] Election timeout! Starting election for term 1244
[Node 1] Election finished with 1 votes (need 3).

[Node 1] Election timeout! Starting election for term 1245
[Node 1] Election finished with 1 votes (need 3).

[Node 1] Election timeout! Starting election for term 1246
[Node 1] Election finished with 1 votes (need 3).

[Node 1] Election timeout! Starting election for term 1247
[Node 1] Election finished with 1 votes (need 3).

[Node 1] Election timeout! Starting election for term 1248
[Node 1] Election finished with 1 votes (need 3).

[Node 1] Election timeout! Starting election for term 1249
[Node 1] Election finished with 1 votes (need 3).

[Node 1] Election timeout! Starting election for term 1250
[Node 1] Election finished with 1 votes (need 3).

[Node 1] Election timeout! Starting election for term 1251
[Node 1] Election finished with 1 votes (need 3).

[Node 1] Election timeout! Starting election for term 1252
[Node 1] Election finished with 1 votes (need 3).

[Node 1] Election timeout! Starting election for term 1253
[Node 1] Election finished with 1 votes (need 3).

[Node 1] Election timeout! Starting election for term 1254
[Node 1] Election finished with 1 votes (need 3).

[Node 1] Election timeout! Starting election for term 1255
[Node 1] Election finished with 1 votes (need 3).

[Node 1] Election timeout! Starting election for term 1256
[Node 1] Election finished with 1 votes (need 3).

[Node 1] Election timeout! Starting election for term 1257
[Node 1] Election finished with 1 votes (need 3).

[Node 1] Election timeout! Starting election for term 1258
[Node 1] Election finished with 1 votes (need 3).

[Node 1] Election timeout! Starting election for term 1259
[Node 1] Election finished with 1 votes (need 3).

[Node 1] Election timeout! Starting election for term 1260
[Node 1] Election finished with 1 votes (need 3).

[Node 1] Election timeout! Starting election for term 1261
[Node 1] Election finished with 1 votes (need 3).

[Node 1] Election timeout! Starting election for term 1262
[Node 1] Election finished with 1 votes (need 3).

[Node 1] Election timeout! Starting election for term 1263
[Node 1] Election finished with 1 votes (need 3).

[Node 1] Election timeout! Starting election for term 1264
[Node 1] Election finished with 1 votes (need 3).

[Node 1] Election timeout! Starting election for term 1265
[Node 1] Election finished with 1 votes (need 3).

[Node 1] Election timeout! Starting election for term 1266
[Node 1] Election finished with 1 votes (need 3).

[Node 1] Election timeout! Starting election for term 1267
[Node 1] Election finished with 1 votes (need 3).

[Node 1] Election timeout! Starting election for term 1268
[Node 1] Election finished with 1 votes (need 3).

[Node 1] Election timeout! Starting election for term 1269
[Node 1] Election finished with 1 votes (need 3).

[Node 1] Election timeout! Starting election for term 1270
[Node 1] Election finished with 1 votes (need 3).

[Node 1] Election timeout! Starting election for term 1271
[Node 1] Election finished with 1 votes (need 3).

[Node 1] Election timeout! Starting election for term 1272
[Node 1] Election finished with 1 votes (need 3).

[Node 1] Election timeout! Starting election for term 1273
[Node 1] Election finished with 1 votes (need 3).

[Node 1] Election timeout! Starting election for term 1274
[Node 1] Election finished with 1 votes (need 3).

[Node 1] Election timeout! Starting election for term 1275
[Node 1] Election finished with 1 votes (need 3).

[Node 1] Election timeout! Starting election for term 1276
[Node 1] Election finished with 1 votes (need 3).

[Node 1] Election timeout! Starting election for term 1277
[Node 1] Election finished with 1 votes (need 3).

[Node 1] Election timeout! Starting election for term 1278
[Node 1] Election finished with 1 votes (need 3).

[Node 1] Election timeout! Starting election for term 1279
[Node 1] Election finished with 1 votes (need 3).

[Node 1] Election timeout! Starting election for term 1280
[Node 1] Election finished with 1 votes (need 3).

[Node 1] Election timeout! Starting election for term 1281
[Node 1] Election finished with 1 votes (need 3).

[Node 1] Election timeout! Starting election for term 1282
[Node 1] Election finished with 1 votes (need 3).

[Node 1] Election timeout! Starting election for term 1283
[Node 1] Election finished with 1 votes (need 3).

[Node 1] Election timeout! Starting election for term 1284
[Node 1] Election finished with 1 votes (need 3).

[Node 1] Election timeout! Starting election for term 1285
[Node 1] Election finished with 1 votes (need 3).

[Node 1] Election timeout! Starting election for term 1286
[Node 1] Election finished with 1 votes (need 3).

[Node 1] Election timeout! Starting election for term 1287
[Node 1] Election finished with 1 votes (need 3).

[Node 1] Election timeout! Starting election for term 1288
[Node 1] Election finished with 1 votes (need 3).

[Node 1] Election timeout! Starting election for term 1289
[Node 1] Election finished with 1 votes (need 3).

[Node 1] Election timeout! Starting election for term 1290
[Node 1] Election finished with 1 votes (need 3).

[Node 1] Election timeout! Starting election for term 1291
[Node 1] Election finished with 1 votes (need 3).

[Node 1] Election timeout! Starting election for term 1292
[Node 1] Election finished with 1 votes (need 3).

[Node 1] Election timeout! Starting election for term 1293
[Node 1] Election finished with 1 votes (need 3).

[Node 1] Election timeout! Starting election for term 1294
[Node 1] Election finished with 1 votes (need 3).

[Node 1] Election timeout! Starting election for term 1295
[Node 1] Election finished with 1 votes (need 3).

[Node 1] Election timeout! Starting election for term 1296
[Node 1] Election finished with 1 votes (need 3).

[Node 1] Election timeout! Starting election for term 1297
[Node 1] Election finished with 1 votes (need 3).

[Node 1] Election timeout! Starting election for term 1298
[Node 1] Election finished with 1 votes (need 3).

[Node 1] Election timeout! Starting election for term 1299
[Node 1] Election finished with 1 votes (need 3).

[Node 1] Election timeout! Starting election for term 1300
[Node 1] Election finished with 1 votes (need 3).

[Node 1] Election timeout! Starting election for term 1301
[Node 1] Election finished with 1 votes (need 3).

[Node 1] Election timeout! Starting election for term 1302
[Node 1] Election finished with 1 votes (need 3).

[Node 1] Election timeout! Starting election for term 1303
[Node 1] Election finished with 1 votes (need 3).

[Node 1] Election timeout! Starting election for term 1304
[Node 1] Election finished with 1 votes (need 3).

[Node 1] Election timeout! Starting election for term 1305
[Node 1] Election finished with 1 votes (need 3).

[Node 1] Election timeout! Starting election for term 1306
[Node 1] Election finished with 1 votes (need 3).

[Node 1] Election timeout! Starting election for term 1307
[Node 1] Election finished with 1 votes (need 3).

[Node 1] Election timeout! Starting election for term 1308
[Node 1] Election finished with 1 votes (need 3).

[Node 1] Election timeout! Starting election for term 1309
[Node 1] Election finished with 1 votes (need 3).

[Node 1] Election timeout! Starting election for term 1310
[Node 1] Election finished with 1 votes (need 3).

[Node 1] Election timeout! Starting election for term 1311
[Node 1] Election finished with 1 votes (need 3).

[Node 1] Election timeout! Starting election for term 1312
[Node 1] Election finished with 1 votes (need 3).

[Node 1] Election timeout! Starting election for term 1313
[Node 1] Election finished with 1 votes (need 3).

[Node 1] Election timeout! Starting election for term 1314
[Node 1] Election finished with 1 votes (need 3).

[Node 1] Election timeout! Starting election for term 1315
[Node 1] Election finished with 1 votes (need 3).

[Node 1] Election timeout! Starting election for term 1316
[Node 1] Election finished with 1 votes (need 3).

[Node 1] Election timeout! Starting election for term 1317
[Node 1] Election finished with 1 votes (need 3).

[Node 1] Election timeout! Starting election for term 1318
[Node 1] Election finished with 1 votes (need 3).

[Node 1] Election timeout! Starting election for term 1319
[Node 1] Election finished with 1 votes (need 3).

[Node 1] Election timeout! Starting election for term 1320
[Node 1] Election finished with 1 votes (need 3).

[Node 1] Election timeout! Starting election for term 1321
[Node 1] Election finished with 1 votes (need 3).

[Node 1] Election timeout! Starting election for term 1322
[Node 1] Election finished with 1 votes (need 3).

[Node 1] Election timeout! Starting election for term 1323
[Node 1] Election finished with 1 votes (need 3).

[Node 1] Election timeout! Starting election for term 1324
[Node 1] Election finished with 1 votes (need 3).

[Node 1] Election timeout! Starting election for term 1325
[Node 1] Election finished with 1 votes (need 3).

[Node 1] Election timeout! Starting election for term 1326
[Node 1] Election finished with 1 votes (need 3).

[Node 1] Election timeout! Starting election for term 1327
[Node 1] Election finished with 1 votes (need 3).

[Node 1] Election timeout! Starting election for term 1328
[Node 1] Election finished with 1 votes (need 3).

[Node 1] Election timeout! Starting election for term 1329
[Node 1] Election finished with 1 votes (need 3).

[Node 1] Election timeout! Starting election for term 1330
[Node 1] Election finished with 1 votes (need 3).

[Node 1] Election timeout! Starting election for term 1331
[Node 1] Election finished with 1 votes (need 3).

[Node 1] Election timeout! Starting election for term 1332
[Node 1] Election finished with 1 votes (need 3).

[Node 1] Election timeout! Starting election for term 1333
[Node 1] Election finished with 1 votes (need 3).

[Node 1] Election timeout! Starting election for term 1334
[Node 1] Election finished with 1 votes (need 3).

[Node 1] Election timeout! Starting election for term 1335
[Node 1] Election finished with 1 votes (need 3).

[Node 1] Election timeout! Starting election for term 1336
[Node 1] Election finished with 1 votes (need 3).

[Node 1] Election timeout! Starting election for term 1337
[Node 1] Election finished with 1 votes (need 3).

[Node 1] Election timeout! Starting election for term 1338
[Node 1] Election finished with 1 votes (need 3).

[Node 1] Election timeout! Starting election for term 1339
[Node 1] Election finished with 1 votes (need 3).

[Node 1] Election timeout! Starting election for term 1340
[Node 1] Election finished with 1 votes (need 3).

[Node 1] Election timeout! Starting election for term 1341
[Node 1] Election finished with 1 votes (need 3).

[Node 1] Election timeout! Starting election for term 1342
[Node 1] Election finished with 1 votes (need 3).

[Node 1] Election timeout! Starting election for term 1343
[Node 1] Election finished with 1 votes (need 3).

[Node 1] Election timeout! Starting election for term 1344
[Node 1] Election finished with 1 votes (need 3).

[Node 1] Election timeout! Starting election for term 1345
[Node 1] Election finished with 1 votes (need 3).

[Node 1] Election timeout! Starting election for term 1346
[Node 1] Election finished with 1 votes (need 3).

[Node 1] Election timeout! Starting election for term 1347
[Node 1] Election finished with 1 votes (need 3).

[Node 1] Election timeout! Starting election for term 1348
[Node 1] Election finished with 1 votes (need 3).

[Node 1] Election timeout! Starting election for term 1349
[Node 1] Election finished with 1 votes (need 3).

[Node 1] Election timeout! Starting election for term 1350
[Node 1] Election finished with 1 votes (need 3).

[Node 1] Election timeout! Starting election for term 1351
[Node 1] Election finished with 1 votes (need 3).

[Node 1] Election timeout! Starting election for term 1352
[Node 1] Election finished with 1 votes (need 3).

[Node 1] Election timeout! Starting election for term 1353
[Node 1] Election finished with 1 votes (need 3).

[Node 1] Election timeout! Starting election for term 1354
[Node 1] Election finished with 1 votes (need 3).

[Node 1] Election timeout! Starting election for term 1355
[Node 1] Election finished with 1 votes (need 3).

[Node 1] Election timeout! Starting election for term 1356
[Node 1] Election finished with 1 votes (need 3).

[Node 1] Election timeout! Starting election for term 1357
[Node 1] Election finished with 1 votes (need 3).

[Node 1] Election timeout! Starting election for term 1358
[Node 1] Election finished with 1 votes (need 3).

[Node 1] Election timeout! Starting election for term 1359
[Node 1] Election finished with 1 votes (need 3).

[Node 1] Election timeout! Starting election for term 1360
[Node 1] Election finished with 1 votes (need 3).

[Node 1] Election timeout! Starting election for term 1361
[Node 1] Election finished with 1 votes (need 3).

[Node 1] Election timeout! Starting election for term 1362
[Node 1] Election finished with 1 votes (need 3).

[Node 1] Election timeout! Starting election for term 1363
[Node 1] Election finished with 1 votes (need 3).

[Node 1] Election timeout! Starting election for term 1364
[Node 1] Election finished with 1 votes (need 3).

[Node 1] Election timeout! Starting election for term 1365
[Node 1] Election finished with 1 votes (need 3).

[Node 1] Election timeout! Starting election for term 1366
[Node 1] Election finished with 1 votes (need 3).

[Node 1] Election timeout! Starting election for term 1367
[Node 1] Election finished with 1 votes (need 3).

[Node 1] Election timeout! Starting election for term 1368
[Node 1] Election finished with 1 votes (need 3).

[Node 1] Election timeout! Starting election for term 1369
[Node 1] Election finished with 1 votes (need 3).

[Node 1] Election timeout! Starting election for term 1370
[Node 1] Election finished with 1 votes (need 3).

[Node 1] Election timeout! Starting election for term 1371
[Node 1] Election finished with 1 votes (need 3).

[Node 1] Election timeout! Starting election for term 1372
[Node 1] Election finished with 1 votes (need 3).

[Node 1] Election timeout! Starting election for term 1373
[Node 1] Election finished with 1 votes (need 3).

[Node 1] Election timeout! Starting election for term 1374
[Node 1] Election finished with 1 votes (need 3).

[Node 1] Election timeout! Starting election for term 1375
[Node 1] Election finished with 1 votes (need 3).

[Node 1] Election timeout! Starting election for term 1376
[Node 1] Election finished with 1 votes (need 3).

[Node 1] Election timeout! Starting election for term 1377
[Node 1] Election finished with 1 votes (need 3).

[Node 1] Election timeout! Starting election for term 1378
[Node 1] Election finished with 1 votes (need 3).

[Node 1] Election timeout! Starting election for term 1379
[Node 1] Election finished with 1 votes (need 3).

[Node 1] Election timeout! Starting election for term 1380
[Node 1] Election finished with 1 votes (need 3).

[Node 1] Election timeout! Starting election for term 1381
[Node 1] Election finished with 1 votes (need 3).

[Node 1] Election timeout! Starting election for term 1382
[Node 1] Election finished with 1 votes (need 3).

[Node 1] Election timeout! Starting election for term 1383
[Node 1] Election finished with 1 votes (need 3).

[Node 1] Election timeout! Starting election for term 1384
[Node 1] Election finished with 1 votes (need 3).

[Node 1] Election timeout! Starting election for term 1385
[Node 1] Election finished with 1 votes (need 3).

[Node 1] Election timeout! Starting election for term 1386
[Node 1] Election finished with 1 votes (need 3).

[Node 1] Election timeout! Starting election for term 1387
[Node 1] Election finished with 1 votes (need 3).

[Node 1] Election timeout! Starting election for term 1388
[Node 1] Election finished with 1 votes (need 3).

[Node 1] Election timeout! Starting election for term 1389
[Node 1] Election finished with 1 votes (need 3).

[Node 1] Election timeout! Starting election for term 1390
[Node 1] Election finished with 1 votes (need 3).

[Node 1] Election timeout! Starting election for term 1391
[Node 1] Election finished with 1 votes (need 3).

[Node 1] Election timeout! Starting election for term 1392
[Node 1] Election finished with 1 votes (need 3).

[Node 1] Election timeout! Starting election for term 1393
[Node 1] Election finished with 1 votes (need 3).

[Node 1] Election timeout! Starting election for term 1394
[Node 1] Election finished with 1 votes (need 3).

[Node 1] Election timeout! Starting election for term 1395
[Node 1] Election finished with 1 votes (need 3).

[Node 1] Election timeout! Starting election for term 1396
[Node 1] Election finished with 1 votes (need 3).

[Node 1] Election timeout! Starting election for term 1397
[Node 1] Election finished with 1 votes (need 3).

[Node 1] Election timeout! Starting election for term 1398
[Node 1] Election finished with 1 votes (need 3).

[Node 1] Election timeout! Starting election for term 1399
[Node 1] Election finished with 1 votes (need 3).

[Node 1] Election timeout! Starting election for term 1400
[Node 1] Election finished with 1 votes (need 3).

[Node 1] Election timeout! Starting election for term 1401
[Node 1] Election finished with 1 votes (need 3).

[Node 1] Election timeout! Starting election for term 1402
[Node 1] Election finished with 1 votes (need 3).

[Node 1] Election timeout! Starting election for term 1403
[Node 1] Election finished with 1 votes (need 3).

[Node 1] Election timeout! Starting election for term 1404
[Node 1] Election finished with 1 votes (need 3).

[Node 1] Election timeout! Starting election for term 1405
[Node 1] Election finished with 1 votes (need 3).

[Node 1] Election timeout! Starting election for term 1406
[Node 1] Election finished with 1 votes (need 3).

[Node 1] Election timeout! Starting election for term 1407
[Node 1] Election finished with 1 votes (need 3).

[Node 1] Election timeout! Starting election for term 1408
[Node 1] Election finished with 1 votes (need 3).

[Node 1] Election timeout! Starting election for term 1409
[Node 1] Election finished with 1 votes (need 3).

[Node 1] Election timeout! Starting election for term 1410
[Node 1] Election finished with 1 votes (need 3).

[Node 1] Election timeout! Starting election for term 1411
[Node 1] Election finished with 1 votes (need 3).

[Node 1] Election timeout! Starting election for term 1412
[Node 1] Election finished with 1 votes (need 3).

[Node 1] Election timeout! Starting election for term 1413
[Node 1] Election finished with 1 votes (need 3).

[Node 1] Election timeout! Starting election for term 1414
[Node 1] Election finished with 1 votes (need 3).

[Node 1] Election timeout! Starting election for term 1415
[Node 1] Election finished with 1 votes (need 3).

[Node 1] Election timeout! Starting election for term 1416
[Node 1] Election finished with 1 votes (need 3).

[Node 1] Election timeout! Starting election for term 1417
[Node 1] Election finished with 1 votes (need 3).

[Node 1] Election timeout! Starting election for term 1418
[Node 1] Election finished with 1 votes (need 3).

[Node 1] Election timeout! Starting election for term 1419
[Node 1] Election finished with 1 votes (need 3).

[Node 1] Election timeout! Starting election for term 1420
[Node 1] Election finished with 1 votes (need 3).

[Node 1] Election timeout! Starting election for term 1421
[Node 1] Election finished with 1 votes (need 3).

[Node 1] Election timeout! Starting election for term 1422
[Node 1] Election finished with 1 votes (need 3).

[Node 1] Election timeout! Starting election for term 1423
[Node 1] Election finished with 1 votes (need 3).

[Node 1] Election timeout! Starting election for term 1424
[Node 1] Election finished with 1 votes (need 3).

[Node 1] Election timeout! Starting election for term 1425
[Node 1] Election finished with 1 votes (need 3).

[Node 1] Election timeout! Starting election for term 1426
[Node 1] Election finished with 1 votes (need 3).

[Node 1] Election timeout! Starting election for term 1427
[Node 1] Election finished with 1 votes (need 3).

[Node 1] Election timeout! Starting election for term 1428
[Node 1] Election finished with 1 votes (need 3).

[Node 1] Election timeout! Starting election for term 1429
[Node 1] Election finished with 1 votes (need 3).

[Node 1] Election timeout! Starting election for term 1430
[Node 1] Election finished with 1 votes (need 3).

[Node 1] Election timeout! Starting election for term 1431
[Node 1] Election finished with 1 votes (need 3).

[Node 1] Election timeout! Starting election for term 1432
[Node 1] Election finished with 1 votes (need 3).

[Node 1] Election timeout! Starting election for term 1433
[Node 1] Election finished with 1 votes (need 3).

[Node 1] Election timeout! Starting election for term 1434
[Node 1] Election finished with 1 votes (need 3).

[Node 1] Election timeout! Starting election for term 1435
[Node 1] Election finished with 1 votes (need 3).

[Node 1] Election timeout! Starting election for term 1436
[Node 1] Election finished with 1 votes (need 3).

[Node 1] Election timeout! Starting election for term 1437
[Node 1] Election finished with 1 votes (need 3).

[Node 1] Election timeout! Starting election for term 1438
[Node 1] Election finished with 1 votes (need 3).

[Node 1] Election timeout! Starting election for term 1439
[Node 1] Election finished with 1 votes (need 3).

[Node 1] Election timeout! Starting election for term 1440
[Node 1] Election finished with 1 votes (need 3).

[Node 1] Election timeout! Starting election for term 1441
[Node 1] Election finished with 1 votes (need 3).

[Node 1] Election timeout! Starting election for term 1442
[Node 1] Election finished with 1 votes (need 3).

[Node 1] Election timeout! Starting election for term 1443
[Node 1] Election finished with 1 votes (need 3).

[Node 1] Election timeout! Starting election for term 1444
[Node 1] Election finished with 1 votes (need 3).

[Node 1] Election timeout! Starting election for term 1445
[Node 1] Election finished with 1 votes (need 3).

[Node 1] Election timeout! Starting election for term 1446
[Node 1] Election finished with 1 votes (need 3).

[Node 1] Election timeout! Starting election for term 1447
[Node 1] Election finished with 1 votes (need 3).

[Node 1] Election timeout! Starting election for term 1448
[Node 1] Election finished with 1 votes (need 3).

[Node 1] Election timeout! Starting election for term 1449
[Node 1] Election finished with 1 votes (need 3).

[Node 1] Election timeout! Starting election for term 1450
[Node 1] Election finished with 1 votes (need 3).

[Node 1] Election timeout! Starting election for term 1451
[Node 1] Election finished with 1 votes (need 3).

[Node 1] Election timeout! Starting election for term 1452
[Node 1] Election finished with 1 votes (need 3).

[Node 1] Election timeout! Starting election for term 1453
[Node 1] Election finished with 1 votes (need 3).

[Node 1] Election timeout! Starting election for term 1454
[Node 1] Election finished with 1 votes (need 3).

[Node 1] Election timeout! Starting election for term 1455
[Node 1] Election finished with 1 votes (need 3).

[Node 1] Election timeout! Starting election for term 1456
[Node 1] Election finished with 1 votes (need 3).

[Node 1] Election timeout! Starting election for term 1457
[Node 1] Election finished with 1 votes (need 3).

[Node 1] Election timeout! Starting election for term 1458
[Node 1] Election finished with 1 votes (need 3).

[Node 1] Election timeout! Starting election for term 1459
[Node 1] Election finished with 1 votes (need 3).

[Node 1] Election timeout! Starting election for term 1460
[Node 1] Election finished with 1 votes (need 3).

[Node 1] Election timeout! Starting election for term 1461
[Node 1] Election finished with 1 votes (need 3).

[Node 1] Election timeout! Starting election for term 1462
[Node 1] Election finished with 1 votes (need 3).

[Node 1] Election timeout! Starting election for term 1463
[Node 1] Election finished with 1 votes (need 3).

[Node 1] Election timeout! Starting election for term 1464
[Node 1] Election finished with 1 votes (need 3).

[Node 1] Election timeout! Starting election for term 1465
[Node 1] Election finished with 1 votes (need 3).

[Node 1] Election timeout! Starting election for term 1466
[Node 1] Election finished with 1 votes (need 3).

[Node 1] Election timeout! Starting election for term 1467
[Node 1] Election finished with 1 votes (need 3).

[Node 1] Election timeout! Starting election for term 1468
[Node 1] Election finished with 1 votes (need 3).

[Node 1] Election timeout! Starting election for term 1469
[Node 1] Election finished with 1 votes (need 3).

[Node 1] Election timeout! Starting election for term 1470
[Node 1] Election finished with 1 votes (need 3).

[Node 1] Election timeout! Starting election for term 1471
[Node 1] Election finished with 1 votes (need 3).

[Node 1] Election timeout! Starting election for term 1472
[Node 1] Election finished with 1 votes (need 3).

[Node 1] Election timeout! Starting election for term 1473
[Node 1] Election finished with 1 votes (need 3).

[Node 1] Election timeout! Starting election for term 1474
[Node 1] Election finished with 1 votes (need 3).

[Node 1] Election timeout! Starting election for term 1475
[Node 1] Election finished with 1 votes (need 3).

[Node 1] Election timeout! Starting election for term 1476
[Node 1] Election finished with 1 votes (need 3).

[Node 1] Election timeout! Starting election for term 1477
[Node 1] Election finished with 1 votes (need 3).

[Node 1] Election timeout! Starting election for term 1478
[Node 1] Election finished with 1 votes (need 3).

[Node 1] Election timeout! Starting election for term 1479
[Node 1] Election finished with 1 votes (need 3).

[Node 1] Election timeout! Starting election for term 1480
[Node 1] Election finished with 1 votes (need 3).

[Node 1] Election timeout! Starting election for term 1481
[Node 1] Election finished with 1 votes (need 3).

[Node 1] Election timeout! Starting election for term 1482
[Node 1] Election finished with 1 votes (need 3).

[Node 1] Election timeout! Starting election for term 1483
[Node 1] Election finished with 1 votes (need 3).

[Node 1] Election timeout! Starting election for term 1484
[Node 1] Election finished with 1 votes (need 3).

[Node 1] Election timeout! Starting election for term 1485
[Node 1] Election finished with 1 votes (need 3).

[Node 1] Election timeout! Starting election for term 1486
[Node 1] Election finished with 1 votes (need 3).

[Node 1] Election timeout! Starting election for term 1487
[Node 1] Election finished with 1 votes (need 3).

[Node 1] Election timeout! Starting election for term 1488
[Node 1] Election finished with 1 votes (need 3).

[Node 1] Election timeout! Starting election for term 1489
[Node 1] Election finished with 1 votes (need 3).

[Node 1] Election timeout! Starting election for term 1490
[Node 1] Election finished with 1 votes (need 3).

[Node 1] Election timeout! Starting election for term 1491
[Node 1] Election finished with 1 votes (need 3).

[Node 1] Election timeout! Starting election for term 1492
[Node 1] Election finished with 1 votes (need 3).

[Node 1] Election timeout! Starting election for term 1493
[Node 1] Election finished with 1 votes (need 3).

[Node 1] Election timeout! Starting election for term 1494
[Node 1] Election finished with 1 votes (need 3).

[Node 1] Election timeout! Starting election for term 1495
[Node 1] Election finished with 1 votes (need 3).

[Node 1] Election timeout! Starting election for term 1496
[Node 1] Election finished with 1 votes (need 3).

[Node 1] Election timeout! Starting election for term 1497
[Node 1] Election finished with 1 votes (need 3).

[Node 1] Election timeout! Starting election for term 1498
[Node 1] Election finished with 1 votes (need 3).

[Node 1] Election timeout! Starting election for term 1499
[Node 1] Election finished with 1 votes (need 3).

[Node 1] Election timeout! Starting election for term 1500
[Node 1] Election finished with 1 votes (need 3).

[Node 1] Election timeout! Starting election for term 1501
[Node 1] Election finished with 1 votes (need 3).

[Node 1] Election timeout! Starting election for term 1502
[Node 1] Election finished with 1 votes (need 3).

[Node 1] Election timeout! Starting election for term 1503
[Node 1] Election finished with 1 votes (need 3).

[Node 1] Election timeout! Starting election for term 1504
[Node 1] Election finished with 1 votes (need 3).

[Node 1] Election timeout! Starting election for term 1505
[Node 1] Election finished with 1 votes (need 3).

[Node 1] Election timeout! Starting election for term 1506
[Node 1] Election finished with 1 votes (need 3).

[Node 1] Election timeout! Starting election for term 1507
[Node 1] Election finished with 1 votes (need 3).

[Node 1] Election timeout! Starting election for term 1508
[Node 1] Election finished with 1 votes (need 3).

[Node 1] Election timeout! Starting election for term 1509
[Node 1] Election finished with 1 votes (need 3).

[Node 1] Election timeout! Starting election for term 1510
[Node 1] Election finished with 1 votes (need 3).

[Node 1] Election timeout! Starting election for term 1511
[Node 1] Election finished with 1 votes (need 3).

[Node 1] Election timeout! Starting election for term 1512
[Node 1] Election finished with 1 votes (need 3).

[Node 1] Election timeout! Starting election for term 1513
[Node 1] Election finished with 1 votes (need 3).

[Node 1] Election timeout! Starting election for term 1514
[Node 1] Election finished with 1 votes (need 3).

[Node 1] Election timeout! Starting election for term 1515
[Node 1] Election finished with 1 votes (need 3).

[Node 1] Election timeout! Starting election for term 1516
[Node 1] Election finished with 1 votes (need 3).

[Node 1] Election timeout! Starting election for term 1517
[Node 1] Election finished with 1 votes (need 3).

[Node 1] Election timeout! Starting election for term 1518
[Node 1] Election finished with 1 votes (need 3).

[Node 1] Election timeout! Starting election for term 1519
[Node 1] Election finished with 1 votes (need 3).

[Node 1] Election timeout! Starting election for term 1520
[Node 1] Election finished with 1 votes (need 3).

[Node 1] Election timeout! Starting election for term 1521
[Node 1] Election finished with 1 votes (need 3).

[Node 1] Election timeout! Starting election for term 1522
[Node 1] Election finished with 1 votes (need 3).

[Node 1] Election timeout! Starting election for term 1523
[Node 1] Election finished with 1 votes (need 3).

[Node 1] Election timeout! Starting election for term 1524
[Node 1] Election finished with 1 votes (need 3).

[Node 1] Election timeout! Starting election for term 1525
[Node 1] Election finished with 1 votes (need 3).

[Node 1] Election timeout! Starting election for term 1526
[Node 1] Election finished with 1 votes (need 3).

[Node 1] Election timeout! Starting election for term 1527
[Node 1] Election finished with 1 votes (need 3).

[Node 1] Election timeout! Starting election for term 1528
[Node 1] Election finished with 1 votes (need 3).

[Node 1] Election timeout! Starting election for term 1529
[Node 1] Election finished with 1 votes (need 3).

[Node 1] Election timeout! Starting election for term 1530
[Node 1] Election finished with 1 votes (need 3).

[Node 1] Election timeout! Starting election for term 1531
[Node 1] Election finished with 1 votes (need 3).

[Node 1] Election timeout! Starting election for term 1532
[Node 1] Election finished with 1 votes (need 3).

[Node 1] Election timeout! Starting election for term 1533
[Node 1] Election finished with 1 votes (need 3).

[Node 1] Election timeout! Starting election for term 1534
[Node 1] Election finished with 1 votes (need 3).

[Node 1] Election timeout! Starting election for term 1535
[Node 1] Election finished with 1 votes (need 3).

[Node 1] Election timeout! Starting election for term 1536
[Node 1] Election finished with 1 votes (need 3).

[Node 1] Election timeout! Starting election for term 1537
[Node 1] Election finished with 1 votes (need 3).

[Node 1] Election timeout! Starting election for term 1538
[Node 1] Election finished with 1 votes (need 3).

[Node 1] Election timeout! Starting election for term 1539
[Node 1] Election finished with 1 votes (need 3).

[Node 1] Election timeout! Starting election for term 1540
[Node 1] Election finished with 1 votes (need 3).

[Node 1] Election timeout! Starting election for term 1541
[Node 1] Election finished with 1 votes (need 3).

[Node 1] Election timeout! Starting election for term 1542
[Node 1] Election finished with 1 votes (need 3).

[Node 1] Election timeout! Starting election for term 1543
[Node 1] Election finished with 1 votes (need 3).

[Node 1] Election timeout! Starting election for term 1544
[Node 1] Election finished with 1 votes (need 3).

[Node 1] Election timeout! Starting election for term 1545
[Node 1] Election finished with 1 votes (need 3).

[Node 1] Election timeout! Starting election for term 1546
[Node 1] Election finished with 1 votes (need 3).

[Node 1] Election timeout! Starting election for term 1547
[Node 1] Election finished with 1 votes (need 3).

[Node 1] Election timeout! Starting election for term 1548
[Node 1] Election finished with 1 votes (need 3).

[Node 1] Election timeout! Starting election for term 1549
[Node 1] Election finished with 1 votes (need 3).

[Node 1] Election timeout! Starting election for term 1550
[Node 1] Election finished with 1 votes (need 3).

[Node 1] Election timeout! Starting election for term 1551
[Node 1] Election finished with 1 votes (need 3).

[Node 1] Election timeout! Starting election for term 1552
[Node 1] Election finished with 1 votes (need 3).

[Node 1] Election timeout! Starting election for term 1553
[Node 1] Election finished with 1 votes (need 3).

[Node 1] Election timeout! Starting election for term 1554
[Node 1] Election finished with 1 votes (need 3).

[Node 1] Election timeout! Starting election for term 1555
[Node 1] Election finished with 1 votes (need 3).

[Node 1] Election timeout! Starting election for term 1556
[Node 1] Election finished with 1 votes (need 3).

[Node 1] Election timeout! Starting election for term 1557
[Node 1] Election finished with 1 votes (need 3).

[Node 1] Election timeout! Starting election for term 1558
[Node 1] Election finished with 1 votes (need 3).

[Node 1] Election timeout! Starting election for term 1559
[Node 1] Election finished with 1 votes (need 3).

[Node 1] Election timeout! Starting election for term 1560
[Node 1] Election finished with 1 votes (need 3).

[Node 1] Election timeout! Starting election for term 1561
[Node 1] Election finished with 1 votes (need 3).

[Node 1] Election timeout! Starting election for term 1562
[Node 1] Election finished with 1 votes (need 3).

[Node 1] Election timeout! Starting election for term 1563
[Node 1] Election finished with 1 votes (need 3).

[Node 1] Election timeout! Starting election for term 1564
[Node 1] Election finished with 1 votes (need 3).

[Node 1] Election timeout! Starting election for term 1565
[Node 1] Election finished with 1 votes (need 3).

[Node 1] Election timeout! Starting election for term 1566
[Node 1] Election finished with 1 votes (need 3).

[Node 1] Election timeout! Starting election for term 1567
[Node 1] Election finished with 1 votes (need 3).

[Node 1] Election timeout! Starting election for term 1568
[Node 1] Election finished with 1 votes (need 3).

[Node 1] Election timeout! Starting election for term 1569
[Node 1] Election finished with 1 votes (need 3).

[Node 1] Election timeout! Starting election for term 1570
[Node 1] Election finished with 1 votes (need 3).

[Node 1] Election timeout! Starting election for term 1571
[Node 1] Election finished with 1 votes (need 3).

[Node 1] Election timeout! Starting election for term 1572
[Node 1] Election finished with 1 votes (need 3).

[Node 1] Election timeout! Starting election for term 1573
[Node 1] Election finished with 1 votes (need 3).

[Node 1] Election timeout! Starting election for term 1574
[Node 1] Election finished with 1 votes (need 3).

[Node 1] Election timeout! Starting election for term 1575
[Node 1] Election finished with 1 votes (need 3).

[Node 1] Election timeout! Starting election for term 1576
[Node 1] Election finished with 1 votes (need 3).

[Node 1] Election timeout! Starting election for term 1577
[Node 1] Election finished with 1 votes (need 3).

[Node 1] Election timeout! Starting election for term 1578
[Node 1] Election finished with 1 votes (need 3).

[Node 1] Election timeout! Starting election for term 1579
[Node 1] Election finished with 1 votes (need 3).

[Node 1] Election timeout! Starting election for term 1580
[Node 1] Election finished with 1 votes (need 3).

[Node 1] Election timeout! Starting election for term 1581
[Node 1] Election finished with 1 votes (need 3).

[Node 1] Election timeout! Starting election for term 1582
[Node 1] Election finished with 1 votes (need 3).

[Node 1] Election timeout! Starting election for term 1583
[Node 1] Election finished with 1 votes (need 3).

[Node 1] Election timeout! Starting election for term 1584
[Node 1] Election finished with 1 votes (need 3).

[Node 1] Election timeout! Starting election for term 1585
[Node 1] Election finished with 1 votes (need 3).

[Node 1] Election timeout! Starting election for term 1586
[Node 1] Election finished with 1 votes (need 3).

[Node 1] Election timeout! Starting election for term 1587
[Node 1] Election finished with 1 votes (need 3).

[Node 1] Election timeout! Starting election for term 1588
[Node 1] Election finished with 1 votes (need 3).

[Node 1] Election timeout! Starting election for term 1589
[Node 1] Election finished with 1 votes (need 3).

[Node 1] Election timeout! Starting election for term 1590
[Node 1] Election finished with 1 votes (need 3).

[Node 1] Election timeout! Starting election for term 1591
[Node 1] Election finished with 1 votes (need 3).

[Node 1] Election timeout! Starting election for term 1592
[Node 1] Election finished with 1 votes (need 3).

[Node 1] Election timeout! Starting election for term 1593
[Node 1] Election finished with 1 votes (need 3).

[Node 1] Election timeout! Starting election for term 1594
[Node 1] Election finished with 1 votes (need 3).

[Node 1] Election timeout! Starting election for term 1595
[Node 1] Election finished with 1 votes (need 3).

[Node 1] Election timeout! Starting election for term 1596
[Node 1] Election finished with 1 votes (need 3).

[Node 1] Election timeout! Starting election for term 1597
[Node 1] Election finished with 1 votes (need 3).

[Node 1] Election timeout! Starting election for term 1598
[Node 1] Election finished with 1 votes (need 3).

[Node 1] Election timeout! Starting election for term 1599
[Node 1] Election finished with 1 votes (need 3).

[Node 1] Election timeout! Starting election for term 1600
[Node 1] Election finished with 1 votes (need 3).

[Node 1] Election timeout! Starting election for term 1601
[Node 1] Election finished with 1 votes (need 3).

[Node 1] Election timeout! Starting election for term 1602
[Node 1] Election finished with 1 votes (need 3).

[Node 1] Election timeout! Starting election for term 1603
[Node 1] Election finished with 1 votes (need 3).

[Node 1] Election timeout! Starting election for term 1604
[Node 1] Election finished with 1 votes (need 3).

[Node 1] Election timeout! Starting election for term 1605
[Node 1] Election finished with 1 votes (need 3).

[Node 1] Election timeout! Starting election for term 1606
[Node 1] Election finished with 1 votes (need 3).

[Node 1] Election timeout! Starting election for term 1607
[Node 1] Election finished with 1 votes (need 3).

[Node 1] Election timeout! Starting election for term 1608
[Node 1] Election finished with 1 votes (need 3).

[Node 1] Election timeout! Starting election for term 1609
[Node 1] Election finished with 1 votes (need 3).

[Node 1] Election timeout! Starting election for term 1610
[Node 1] Election finished with 1 votes (need 3).

[Node 1] Election timeout! Starting election for term 1611
[Node 1] Election finished with 1 votes (need 3).

[Node 1] Election timeout! Starting election for term 1612
[Node 1] Election finished with 1 votes (need 3).

[Node 1] Election timeout! Starting election for term 1613
[Node 1] Election finished with 1 votes (need 3).

[Node 1] Election timeout! Starting election for term 1614
[Node 1] Election finished with 1 votes (need 3).

[Node 1] Election timeout! Starting election for term 1615
[Node 1] Election finished with 1 votes (need 3).

[Node 1] Election timeout! Starting election for term 1616
[Node 1] Election finished with 1 votes (need 3).

[Node 1] Election timeout! Starting election for term 1617
[Node 1] Election finished with 1 votes (need 3).

[Node 1] Election timeout! Starting election for term 1618
[Node 1] Election finished with 1 votes (need 3).

[Node 1] Election timeout! Starting election for term 1619
[Node 1] Election finished with 1 votes (need 3).

[Node 1] Election timeout! Starting election for term 1620
[Node 1] Election finished with 1 votes (need 3).

[Node 1] Election timeout! Starting election for term 1621
[Node 1] Election finished with 1 votes (need 3).

[Node 1] Election timeout! Starting election for term 1622
[Node 1] Election finished with 1 votes (need 3).

[Node 1] Election timeout! Starting election for term 1623
[Node 1] Election finished with 1 votes (need 3).

[Node 1] Election timeout! Starting election for term 1624
[Node 1] Election finished with 1 votes (need 3).

[Node 1] Election timeout! Starting election for term 1625
[Node 1] Election finished with 1 votes (need 3).

[Node 1] Election timeout! Starting election for term 1626
[Node 1] Election finished with 1 votes (need 3).

[Node 1] Election timeout! Starting election for term 1627
[Node 1] Election finished with 1 votes (need 3).

[Node 1] Election timeout! Starting election for term 1628
[Node 1] Election finished with 1 votes (need 3).

[Node 1] Election timeout! Starting election for term 1629
[Node 1] Election finished with 1 votes (need 3).

[Node 1] Election timeout! Starting election for term 1630
[Node 1] Election finished with 1 votes (need 3).

[Node 1] Election timeout! Starting election for term 1631
[Node 1] Election finished with 1 votes (need 3).

[Node 1] Election timeout! Starting election for term 1632
[Node 1] Election finished with 1 votes (need 3).

[Node 1] Election timeout! Starting election for term 1633
[Node 1] Election finished with 1 votes (need 3).

[Node 1] Election timeout! Starting election for term 1634
[Node 1] Election finished with 1 votes (need 3).

[Node 1] Election timeout! Starting election for term 1635
[Node 1] Election finished with 1 votes (need 3).

[Node 1] Election timeout! Starting election for term 1636
[Node 1] Election finished with 1 votes (need 3).

[Node 1] Election timeout! Starting election for term 1637
[Node 1] Election finished with 1 votes (need 3).

[Node 1] Election timeout! Starting election for term 1638
[Node 1] Election finished with 1 votes (need 3).

[Node 1] Election timeout! Starting election for term 1639
[Node 1] Election finished with 1 votes (need 3).

[Node 1] Election timeout! Starting election for term 1640
[Node 1] Election finished with 1 votes (need 3).

[Node 1] Election timeout! Starting election for term 1641
[Node 1] Election finished with 1 votes (need 3).

[Node 1] Election timeout! Starting election for term 1642
[Node 1] Election finished with 1 votes (need 3).

[Node 1] Election timeout! Starting election for term 1643
[Node 1] Election finished with 1 votes (need 3).

[Node 1] Election timeout! Starting election for term 1644
[Node 1] Election finished with 1 votes (need 3).

[Node 1] Election timeout! Starting election for term 1645
[Node 1] Election finished with 1 votes (need 3).

[Node 1] Election timeout! Starting election for term 1646
[Node 1] Election finished with 1 votes (need 3).

[Node 1] Election timeout! Starting election for term 1647
[Node 1] Election finished with 1 votes (need 3).

[Node 1] Election timeout! Starting election for term 1648
[Node 1] Election finished with 1 votes (need 3).

[Node 1] Election timeout! Starting election for term 1649
[Node 1] Election finished with 1 votes (need 3).

[Node 1] Election timeout! Starting election for term 1650
[Node 1] Election finished with 1 votes (need 3).

[Node 1] Election timeout! Starting election for term 1651
[Node 1] Election finished with 1 votes (need 3).

[Node 1] Election timeout! Starting election for term 1652
[Node 1] Election finished with 1 votes (need 3).

[Node 1] Election timeout! Starting election for term 1653
[Node 1] Election finished with 1 votes (need 3).

[Node 1] Election timeout! Starting election for term 1654
[Node 1] Election finished with 1 votes (need 3).

[Node 1] Election timeout! Starting election for term 1655
[Node 1] Election finished with 1 votes (need 3).

[Node 1] Election timeout! Starting election for term 1656
[Node 1] Election finished with 1 votes (need 3).

[Node 1] Election timeout! Starting election for term 1657
[Node 1] Election finished with 1 votes (need 3).

[Node 1] Election timeout! Starting election for term 1658
[Node 1] Election finished with 1 votes (need 3).

[Node 1] Election timeout! Starting election for term 1659
[Node 1] Election finished with 1 votes (need 3).

[Node 1] Election timeout! Starting election for term 1660
[Node 1] Election finished with 1 votes (need 3).

[Node 1] Election timeout! Starting election for term 1661
[Node 1] Election finished with 1 votes (need 3).

[Node 1] Election timeout! Starting election for term 1662
[Node 1] Election finished with 1 votes (need 3).

[Node 1] Election timeout! Starting election for term 1663
[Node 1] Election finished with 1 votes (need 3).

[Node 1] Election timeout! Starting election for term 1664
[Node 1] Election finished with 1 votes (need 3).

[Node 1] Election timeout! Starting election for term 1665
[Node 1] Election finished with 1 votes (need 3).

[Node 1] Election timeout! Starting election for term 1666
[Node 1] Election finished with 1 votes (need 3).

[Node 1] Election timeout! Starting election for term 1667
[Node 1] Election finished with 1 votes (need 3).

[Node 1] Election timeout! Starting election for term 1668
[Node 1] Election finished with 1 votes (need 3).

[Node 1] Election timeout! Starting election for term 1669
[Node 1] Election finished with 1 votes (need 3).

[Node 1] Election timeout! Starting election for term 1670
[Node 1] Election finished with 1 votes (need 3).

[Node 1] Election timeout! Starting election for term 1671
[Node 1] Election finished with 1 votes (need 3).

[Node 1] Election timeout! Starting election for term 1672
[Node 1] Election finished with 1 votes (need 3).

[Node 1] Election timeout! Starting election for term 1673
[Node 1] Election finished with 1 votes (need 3).

[Node 1] Election timeout! Starting election for term 1674
[Node 1] Election finished with 1 votes (need 3).

[Node 1] Election timeout! Starting election for term 1675
[Node 1] Election finished with 1 votes (need 3).

[Node 1] Election timeout! Starting election for term 1676
[Node 1] Election finished with 1 votes (need 3).

[Node 1] Election timeout! Starting election for term 1677
[Node 1] Election finished with 1 votes (need 3).

[Node 1] Election timeout! Starting election for term 1678
[Node 1] Election finished with 1 votes (need 3).

[Node 1] Election timeout! Starting election for term 1679
[Node 1] Election finished with 1 votes (need 3).

[Node 1] Election timeout! Starting election for term 1680
[Node 1] Election finished with 1 votes (need 3).

[Node 1] Election timeout! Starting election for term 1681
[Node 1] Election finished with 1 votes (need 3).

[Node 1] Election timeout! Starting election for term 1682
[Node 1] Election finished with 1 votes (need 3).

[Node 1] Election timeout! Starting election for term 1683
[Node 1] Election finished with 1 votes (need 3).

[Node 1] Election timeout! Starting election for term 1684
[Node 1] Election finished with 1 votes (need 3).

[Node 1] Election timeout! Starting election for term 1685
[Node 1] Election finished with 1 votes (need 3).

[Node 1] Election timeout! Starting election for term 1686
[Node 1] Election finished with 1 votes (need 3).

[Node 1] Election timeout! Starting election for term 1687
[Node 1] Election finished with 1 votes (need 3).

[Node 1] Election timeout! Starting election for term 1688
[Node 1] Election finished with 1 votes (need 3).

[Node 1] Election timeout! Starting election for term 1689
[Node 1] Election finished with 1 votes (need 3).

[Node 1] Election timeout! Starting election for term 1690
[Node 1] Election finished with 1 votes (need 3).

[Node 1] Election timeout! Starting election for term 1691
[Node 1] Election finished with 1 votes (need 3).

[Node 1] Election timeout! Starting election for term 1692
[Node 1] Election finished with 1 votes (need 3).

[Node 1] Election timeout! Starting election for term 1693
[Node 1] Election finished with 1 votes (need 3).

[Node 1] Election timeout! Starting election for term 1694
[Node 1] Election finished with 1 votes (need 3).

[Node 1] Election timeout! Starting election for term 1695
[Node 1] Election finished with 1 votes (need 3).

[Node 1] Election timeout! Starting election for term 1696
[Node 1] Election finished with 1 votes (need 3).

[Node 1] Election timeout! Starting election for term 1697
[Node 1] Election finished with 1 votes (need 3).

[Node 1] Election timeout! Starting election for term 1698
[Node 1] Election finished with 1 votes (need 3).

[Node 1] Election timeout! Starting election for term 1699
[Node 1] Election finished with 1 votes (need 3).

[Node 1] Election timeout! Starting election for term 1700
[Node 1] Election finished with 1 votes (need 3).

[Node 1] Election timeout! Starting election for term 1701
[Node 1] Election finished with 1 votes (need 3).

[Node 1] Election timeout! Starting election for term 1702
[Node 1] Election finished with 1 votes (need 3).

[Node 1] Election timeout! Starting election for term 1703
[Node 1] Election finished with 1 votes (need 3).

[Node 1] Election timeout! Starting election for term 1704
[Node 1] Election finished with 1 votes (need 3).

[Node 1] Election timeout! Starting election for term 1705
[Node 1] Election finished with 1 votes (need 3).

[Node 1] Election timeout! Starting election for term 1706
[Node 1] Election finished with 1 votes (need 3).

[Node 1] Election timeout! Starting election for term 1707
[Node 1] Election finished with 1 votes (need 3).

[Node 1] Election timeout! Starting election for term 1708
[Node 1] Election finished with 1 votes (need 3).

[Node 1] Election timeout! Starting election for term 1709
[Node 1] Election finished with 1 votes (need 3).

[Node 1] Election timeout! Starting election for term 1710
[Node 1] Election finished with 1 votes (need 3).

[Node 1] Election timeout! Starting election for term 1711
[Node 1] Election finished with 1 votes (need 3).

[Node 1] Election timeout! Starting election for term 1712
[Node 1] Election finished with 1 votes (need 3).

[Node 1] Election timeout! Starting election for term 1713
[Node 1] Election finished with 1 votes (need 3).

[Node 1] Election timeout! Starting election for term 1714
[Node 1] Election finished with 1 votes (need 3).

[Node 1] Election timeout! Starting election for term 1715
[Node 1] Election finished with 1 votes (need 3).

[Node 1] Election timeout! Starting election for term 1716
[Node 1] Election finished with 1 votes (need 3).

[Node 1] Election timeout! Starting election for term 1717
[Node 1] Election finished with 1 votes (need 3).

[Node 1] Election timeout! Starting election for term 1718
[Node 1] Election finished with 1 votes (need 3).

[Node 1] Election timeout! Starting election for term 1719
[Node 1] Election finished with 1 votes (need 3).

[Node 1] Election timeout! Starting election for term 1720
[Node 1] Election finished with 1 votes (need 3).

[Node 1] Election timeout! Starting election for term 1721
[Node 1] Election finished with 1 votes (need 3).

[Node 1] Election timeout! Starting election for term 1722
[Node 1] Election finished with 1 votes (need 3).

[Node 1] Election timeout! Starting election for term 1723
[Node 1] Election finished with 1 votes (need 3).

[Node 1] Election timeout! Starting election for term 1724
[Node 1] Election finished with 1 votes (need 3).

[Node 1] Election timeout! Starting election for term 1725
[Node 1] Election finished with 1 votes (need 3).

[Node 1] Election timeout! Starting election for term 1726
[Node 1] Election finished with 1 votes (need 3).

[Node 1] Election timeout! Starting election for term 1727
[Node 1] Election finished with 1 votes (need 3).

[Node 1] Election timeout! Starting election for term 1728
[Node 1] Election finished with 1 votes (need 3).

[Node 1] Election timeout! Starting election for term 1729
[Node 1] Election finished with 1 votes (need 3).

[Node 1] Election timeout! Starting election for term 1730
[Node 1] Election finished with 1 votes (need 3).

[Node 1] Election timeout! Starting election for term 1731
[Node 1] Election finished with 1 votes (need 3).

[Node 1] Election timeout! Starting election for term 1732
[Node 1] Election finished with 1 votes (need 3).

[Node 1] Election timeout! Starting election for term 1733
[Node 1] Election finished with 1 votes (need 3).

[Node 1] Election timeout! Starting election for term 1734
[Node 1] Election finished with 1 votes (need 3).

[Node 1] Election timeout! Starting election for term 1735
[Node 1] Election finished with 1 votes (need 3).

[Node 1] Election timeout! Starting election for term 1736
[Node 1] Election finished with 1 votes (need 3).

[Node 1] Election timeout! Starting election for term 1737
[Node 1] Election finished with 1 votes (need 3).

[Node 1] Election timeout! Starting election for term 1738
[Node 1] Election finished with 1 votes (need 3).

[Node 1] Election timeout! Starting election for term 1739
[Node 1] Election finished with 1 votes (need 3).

[Node 1] Election timeout! Starting election for term 1740
[Node 1] Election finished with 1 votes (need 3).

[Node 1] Election timeout! Starting election for term 1741
[Node 1] Election finished with 1 votes (need 3).

[Node 1] Election timeout! Starting election for term 1742
[Node 1] Election finished with 1 votes (need 3).

[Node 1] Election timeout! Starting election for term 1743
[Node 1] Election finished with 1 votes (need 3).

[Node 1] Election timeout! Starting election for term 1744
[Node 1] Election finished with 1 votes (need 3).

[Node 1] Election timeout! Starting election for term 1745
[Node 1] Election finished with 1 votes (need 3).

[Node 1] Election timeout! Starting election for term 1746
[Node 1] Election finished with 1 votes (need 3).

[Node 1] Election timeout! Starting election for term 1747
[Node 1] Election finished with 1 votes (need 3).

[Node 1] Election timeout! Starting election for term 1748
[Node 1] Election finished with 1 votes (need 3).

[Node 1] Election timeout! Starting election for term 1749
[Node 1] Election finished with 1 votes (need 3).

[Node 1] Election timeout! Starting election for term 1750
[Node 1] Election finished with 1 votes (need 3).

[Node 1] Election timeout! Starting election for term 1751
[Node 1] Election finished with 1 votes (need 3).

[Node 1] Election timeout! Starting election for term 1752
[Node 1] Election finished with 1 votes (need 3).

[Node 1] Election timeout! Starting election for term 1753
[Node 1] Election finished with 1 votes (need 3).

[Node 1] Election timeout! Starting election for term 1754
[Node 1] Election finished with 1 votes (need 3).

[Node 1] Election timeout! Starting election for term 1755
[Node 1] Election finished with 1 votes (need 3).

[Node 1] Election timeout! Starting election for term 1756
[Node 1] Election finished with 1 votes (need 3).

[Node 1] Election timeout! Starting election for term 1757
[Node 1] Election finished with 1 votes (need 3).

[Node 1] Election timeout! Starting election for term 1758
[Node 1] Election finished with 1 votes (need 3).

[Node 1] Election timeout! Starting election for term 1759
[Node 1] Election finished with 1 votes (need 3).

[Node 1] Election timeout! Starting election for term 1760
[Node 1] Election finished with 1 votes (need 3).

[Node 1] Election timeout! Starting election for term 1761
[Node 1] Election finished with 1 votes (need 3).

[Node 1] Election timeout! Starting election for term 1762
[Node 1] Election finished with 1 votes (need 3).

[Node 1] Election timeout! Starting election for term 1763
[Node 1] Election finished with 1 votes (need 3).

[Node 1] Election timeout! Starting election for term 1764
[Node 1] Election finished with 1 votes (need 3).

[Node 1] Election timeout! Starting election for term 1765
[Node 1] Election finished with 1 votes (need 3).

[Node 1] Election timeout! Starting election for term 1766
[Node 1] Election finished with 1 votes (need 3).

[Node 1] Election timeout! Starting election for term 1767
[Node 1] Election finished with 1 votes (need 3).

[Node 1] Election timeout! Starting election for term 1768
[Node 1] Election finished with 1 votes (need 3).

[Node 1] Election timeout! Starting election for term 1769
[Node 1] Election finished with 1 votes (need 3).

[Node 1] Election timeout! Starting election for term 1770
[Node 1] Election finished with 1 votes (need 3).

[Node 1] Election timeout! Starting election for term 1771
[Node 1] Election finished with 1 votes (need 3).

[Node 1] Election timeout! Starting election for term 1772
[Node 1] Election finished with 1 votes (need 3).

[Node 1] Election timeout! Starting election for term 1773
[Node 1] Election finished with 1 votes (need 3).

[Node 1] Election timeout! Starting election for term 1774
[Node 1] Election finished with 1 votes (need 3).

[Node 1] Election timeout! Starting election for term 1775
[Node 1] Election finished with 1 votes (need 3).

[Node 1] Election timeout! Starting election for term 1776
[Node 1] Election finished with 1 votes (need 3).

[Node 1] Election timeout! Starting election for term 1777
[Node 1] Election finished with 1 votes (need 3).

[Node 1] Election timeout! Starting election for term 1778
[Node 1] Election finished with 1 votes (need 3).

[Node 1] Election timeout! Starting election for term 1779
[Node 1] Election finished with 1 votes (need 3).

[Node 1] Election timeout! Starting election for term 1780
[Node 1] Election finished with 1 votes (need 3).

[Node 1] Election timeout! Starting election for term 1781
[Node 1] Election finished with 1 votes (need 3).

[Node 1] Election timeout! Starting election for term 1782
[Node 1] Election finished with 1 votes (need 3).

[Node 1] Election timeout! Starting election for term 1783
[Node 1] Election finished with 1 votes (need 3).

[Node 1] Election timeout! Starting election for term 1784
[Node 1] Election finished with 1 votes (need 3).

[Node 1] Election timeout! Starting election for term 1785
[Node 1] Election finished with 1 votes (need 3).

[Node 1] Election timeout! Starting election for term 1786
[Node 1] Election finished with 1 votes (need 3).

[Node 1] Election timeout! Starting election for term 1787
[Node 1] Election finished with 1 votes (need 3).

[Node 1] Election timeout! Starting election for term 1788
[Node 1] Election finished with 1 votes (need 3).

[Node 1] Election timeout! Starting election for term 1789
[Node 1] Election finished with 1 votes (need 3).

[Node 1] Election timeout! Starting election for term 1790
[Node 1] Election finished with 1 votes (need 3).

[Node 1] Election timeout! Starting election for term 1791
[Node 1] Election finished with 1 votes (need 3).

[Node 1] Election timeout! Starting election for term 1792
[Node 1] Election finished with 1 votes (need 3).

[Node 1] Election timeout! Starting election for term 1793
[Node 1] Election finished with 1 votes (need 3).

[Node 1] Election timeout! Starting election for term 1794
[Node 1] Election finished with 1 votes (need 3).

[Node 1] Election timeout! Starting election for term 1795
[Node 1] Election finished with 1 votes (need 3).

[Node 1] Election timeout! Starting election for term 1796
[Node 1] Election finished with 1 votes (need 3).

[Node 1] Election timeout! Starting election for term 1797
[Node 1] Election finished with 1 votes (need 3).

[Node 1] Election timeout! Starting election for term 1798
[Node 1] Election finished with 1 votes (need 3).

[Node 1] Election timeout! Starting election for term 1799
[Node 1] Election finished with 1 votes (need 3).

[Node 1] Election timeout! Starting election for term 1800
[Node 1] Election finished with 1 votes (need 3).

[Node 1] Election timeout! Starting election for term 1801
[Node 1] Election finished with 1 votes (need 3).

[Node 1] Election timeout! Starting election for term 1802
[Node 1] Election finished with 1 votes (need 3).

[Node 1] Election timeout! Starting election for term 1803
[Node 1] Election finished with 1 votes (need 3).

[Node 1] Election timeout! Starting election for term 1804
[Node 1] Election finished with 1 votes (need 3).

[Node 1] Election timeout! Starting election for term 1805
[Node 1] Election finished with 1 votes (need 3).

[Node 1] Election timeout! Starting election for term 1806
[Node 1] Election finished with 1 votes (need 3).

[Node 1] Election timeout! Starting election for term 1807
[Node 1] Election finished with 1 votes (need 3).

[Node 1] Election timeout! Starting election for term 1808
[Node 1] Election finished with 1 votes (need 3).

[Node 1] Election timeout! Starting election for term 1809
[Node 1] Election finished with 1 votes (need 3).

[Node 1] Election timeout! Starting election for term 1810
[Node 1] Election finished with 1 votes (need 3).

[Node 1] Election timeout! Starting election for term 1811
[Node 1] Election finished with 1 votes (need 3).

[Node 1] Election timeout! Starting election for term 1812
[Node 1] Election finished with 1 votes (need 3).

[Node 1] Election timeout! Starting election for term 1813
[Node 1] Election finished with 1 votes (need 3).

[Node 1] Election timeout! Starting election for term 1814
[Node 1] Election finished with 1 votes (need 3).

[Node 1] Election timeout! Starting election for term 1815
[Node 1] Election finished with 1 votes (need 3).

[Node 1] Election timeout! Starting election for term 1816
[Node 1] Election finished with 1 votes (need 3).

[Node 1] Election timeout! Starting election for term 1817
[Node 1] Election finished with 1 votes (need 3).

[Node 1] Election timeout! Starting election for term 1818
[Node 1] Election finished with 1 votes (need 3).

[Node 1] Election timeout! Starting election for term 1819
[Node 1] Election finished with 1 votes (need 3).

[Node 1] Election timeout! Starting election for term 1820
[Node 1] Election finished with 1 votes (need 3).

[Node 1] Election timeout! Starting election for term 1821
[Node 1] Election finished with 1 votes (need 3).

[Node 1] Election timeout! Starting election for term 1822
[Node 1] Election finished with 1 votes (need 3).

[Node 1] Election timeout! Starting election for term 1823
[Node 1] Election finished with 1 votes (need 3).

[Node 1] Election timeout! Starting election for term 1824
[Node 1] Election finished with 1 votes (need 3).

[Node 1] Election timeout! Starting election for term 1825
[Node 1] Election finished with 1 votes (need 3).

[Node 1] Election timeout! Starting election for term 1826
[Node 1] Election finished with 1 votes (need 3).

[Node 1] Election timeout! Starting election for term 1827
[Node 1] Election finished with 1 votes (need 3).

[Node 1] Election timeout! Starting election for term 1828
[Node 1] Election finished with 1 votes (need 3).

[Node 1] Election timeout! Starting election for term 1829
[Node 1] Election finished with 1 votes (need 3).

[Node 1] Election timeout! Starting election for term 1830
[Node 1] Election finished with 1 votes (need 3).

[Node 1] Election timeout! Starting election for term 1831
[Node 1] Election finished with 1 votes (need 3).

[Node 1] Election timeout! Starting election for term 1832
[Node 1] Election finished with 1 votes (need 3).

[Node 1] Election timeout! Starting election for term 1833
[Node 1] Election finished with 1 votes (need 3).

[Node 1] Election timeout! Starting election for term 1834
[Node 1] Election finished with 1 votes (need 3).

[Node 1] Election timeout! Starting election for term 1835
[Node 1] Election finished with 1 votes (need 3).

[Node 1] Election timeout! Starting election for term 1836
[Node 1] Election finished with 1 votes (need 3).

[Node 1] Election timeout! Starting election for term 1837
[Node 1] Election finished with 1 votes (need 3).

[Node 1] Election timeout! Starting election for term 1838
[Node 1] Election finished with 1 votes (need 3).

[Node 1] Election timeout! Starting election for term 1839
[Node 1] Election finished with 1 votes (need 3).

[Node 1] Election timeout! Starting election for term 1840
[Node 1] Election finished with 1 votes (need 3).

[Node 1] Election timeout! Starting election for term 1841
[Node 1] Election finished with 1 votes (need 3).

[Node 1] Election timeout! Starting election for term 1842
[Node 1] Election finished with 1 votes (need 3).

[Node 1] Election timeout! Starting election for term 1843
[Node 1] Election finished with 1 votes (need 3).

[Node 1] Election timeout! Starting election for term 1844
[Node 1] Election finished with 1 votes (need 3).

[Node 1] Election timeout! Starting election for term 1845
[Node 1] Election finished with 1 votes (need 3).

[Node 1] Election timeout! Starting election for term 1846
[Node 1] Election finished with 1 votes (need 3).

[Node 1] Election timeout! Starting election for term 1847
[Node 1] Election finished with 1 votes (need 3).

[Node 1] Election timeout! Starting election for term 1848
[Node 1] Election finished with 1 votes (need 3).

[Node 1] Election timeout! Starting election for term 1849
[Node 1] Election finished with 1 votes (need 3).

[Node 1] Election timeout! Starting election for term 1850
[Node 1] Election finished with 1 votes (need 3).

[Node 1] Election timeout! Starting election for term 1851
[Node 1] Election finished with 1 votes (need 3).

[Node 1] Election timeout! Starting election for term 1852
[Node 1] Election finished with 1 votes (need 3).

[Node 1] Election timeout! Starting election for term 1853
[Node 1] Election finished with 1 votes (need 3).

[Node 1] Election timeout! Starting election for term 1854
[Node 1] Election finished with 1 votes (need 3).

[Node 1] Election timeout! Starting election for term 1855
[Node 1] Election finished with 1 votes (need 3).

[Node 1] Election timeout! Starting election for term 1856
[Node 1] Election finished with 1 votes (need 3).

[Node 1] Election timeout! Starting election for term 1857
[Node 1] Election finished with 1 votes (need 3).

[Node 1] Election timeout! Starting election for term 1858
[Node 1] Election finished with 1 votes (need 3).

[Node 1] Election timeout! Starting election for term 1859
[Node 1] Election finished with 1 votes (need 3).

[Node 1] Election timeout! Starting election for term 1860
[Node 1] Election finished with 1 votes (need 3).

[Node 1] Election timeout! Starting election for term 1861
[Node 1] Election finished with 1 votes (need 3).

[Node 1] Election timeout! Starting election for term 1862
[Node 1] Election finished with 1 votes (need 3).

[Node 1] Election timeout! Starting election for term 1863
[Node 1] Election finished with 1 votes (need 3).

[Node 1] Election timeout! Starting election for term 1864
[Node 1] Election finished with 1 votes (need 3).

[Node 1] Election timeout! Starting election for term 1865
[Node 1] Election finished with 1 votes (need 3).

[Node 1] Election timeout! Starting election for term 1866
[Node 1] Election finished with 1 votes (need 3).

[Node 1] Election timeout! Starting election for term 1867
[Node 1] Election finished with 1 votes (need 3).

[Node 1] Election timeout! Starting election for term 1868
[Node 1] Election finished with 1 votes (need 3).

[Node 1] Election timeout! Starting election for term 1869
[Node 1] Election finished with 1 votes (need 3).

[Node 1] Election timeout! Starting election for term 1870
[Node 1] Election finished with 1 votes (need 3).

[Node 1] Election timeout! Starting election for term 1871
[Node 1] Election finished with 1 votes (need 3).

[Node 1] Election timeout! Starting election for term 1872
[Node 1] Election finished with 1 vot